,open,close,high,low,volume,money
2011-01-04,22.0,22.46,22.6,21.7,5821051.0,129079584.0
2011-01-05,22.6,22.95,23.15,21.9,6357612.0,143625248.0
2011-01-06,22.6,22.05,22.92,22.0,4558332.0,101768888.0
2011-01-07,21.5,21.78,22.6,21.38,4894918.0,107746560.0
2011-01-10,21.4,19.99,21.6,19.75,6761066.0,139410896.0
2011-01-11,19.8,19.45,19.88,19.19,4476142.0,87177456.0
2011-01-12,19.44,20.07,20.2,19.44,4212895.0,83713696.0
2011-01-13,21.0,20.55,21.8,20.37,7900643.0,167352800.0
2011-01-14,20.2,19.5,20.45,19.25,4369083.0,85810720.0
2011-01-17,19.2,18.48,19.29,18.01,4253573.0,78830176.0
2011-01-18,18.15,18.51,18.68,18.15,2192808.0,40526020.0
2011-01-19,18.58,19.09,19.2,18.55,3333409.0,63277576.0
2011-01-20,18.9,18.36,19.2,18.28,3340622.0,62444012.0
2011-01-21,18.0,18.58,19.12,17.96,3037529.0,56471496.0
2011-01-24,18.58,17.57,18.9,17.3,3462205.0,61892840.0
2011-01-25,17.57,17.51,17.79,17.1,1904653.0,33221486.0
2011-01-26,17.6,18.31,18.37,17.6,3936420.0,71414832.0
2011-01-27,18.29,18.56,18.65,17.9,3280856.0,60302576.0
2011-01-28,18.5,18.99,19.2,18.25,3857578.0,72682000.0
2011-01-31,19.3,19.04,19.45,18.78,3600547.0,68556312.0
2011-02-01,19.0,19.18,19.3,18.83,3453153.0,66121072.0
2011-02-09,19.04,21.1,21.1,19.0,12149222.0,251981632.0
2011-02-10,21.1,21.1,21.1,21.1,0.0,0.0
2011-02-11,21.1,21.1,21.1,21.1,0.0,0.0
2011-02-14,23.0,21.85,23.0,21.5,13844473.0,306020064.0
2011-02-15,21.56,24.04,24.04,21.0,11642367.0,269118208.0
2011-02-16,24.12,24.35,25.5,24.1,18210888.0,450655200.0
2011-02-17,24.0,24.95,25.5,23.31,13983746.0,337790720.0
2011-02-18,24.46,23.97,24.7,23.91,7819229.0,189929280.0
2011-02-21,23.6,24.19,24.39,23.51,6322504.0,152216944.0
2011-02-22,24.08,24.3,24.87,23.79,10065790.0,245082064.0
2011-02-23,24.0,24.95,25.26,23.5,11091889.0,273013792.0
2011-02-24,24.65,24.26,25.03,24.25,6757386.0,166327440.0
2011-02-25,24.0,24.64,25.1,24.0,7635687.0,188903056.0
2011-02-28,24.71,25.39,25.47,24.01,10297051.0,254515824.0
2011-03-01,25.41,25.08,25.48,24.8,10015703.0,251658976.0
2011-03-02,24.5,23.87,24.66,23.6,9549741.0,229222144.0
2011-03-03,23.7,23.98,24.3,23.5,5788169.0,138859328.0
2011-03-04,23.98,24.05,24.29,23.58,3548424.0,85264512.0
2011-03-07,24.28,24.15,24.45,23.75,4921387.0,118734808.0
2011-03-08,24.1,25.3,25.5,23.9,13213225.0,331278880.0
2011-03-09,25.53,25.17,25.97,24.82,8172120.0,206753360.0
2011-03-10,25.2,26.71,27.3,25.19,17595972.0,460238144.0
2011-03-11,26.6,26.25,27.28,26.0,13304634.0,355081568.0
2011-03-14,26.09,26.62,27.19,25.92,7771325.0,206706016.0
2011-03-15,26.6,24.66,26.6,24.28,11273621.0,281931808.0
2011-03-16,24.6,25.07,25.3,24.36,6403023.0,158567392.0
2011-03-17,24.6,24.11,24.75,24.0,5565369.0,135003904.0
2011-03-18,24.2,24.35,24.6,24.2,2959321.0,72281408.0
2011-03-21,24.1,24.38,24.63,24.1,2963219.0,72268208.0
2011-03-22,24.49,23.77,24.68,23.5,4489899.0,106919232.0
2011-03-23,23.77,23.77,23.77,23.77,0.0,0.0
2011-03-24,24.4,24.4,24.9,24.0,5233804.0,128017520.0
2011-03-25,24.45,24.61,24.78,24.08,5249801.0,127741960.0
2011-03-28,24.69,24.2,24.83,24.14,4213443.0,103074888.0
2011-03-29,24.1,23.19,24.11,23.16,5310804.0,125280104.0
2011-03-30,23.0,22.7,23.4,22.63,3435972.0,78681384.0
2011-03-31,22.7,22.7,22.7,22.7,0.0,0.0
2011-04-01,22.6,23.0,23.09,22.3,2012943.0,46085952.0
2011-04-06,23.05,23.14,23.44,22.93,2362179.0,54775916.0
2011-04-07,23.13,22.9,23.35,22.4,2694835.0,61389484.0
2011-04-08,23.35,23.83,24.34,23.35,4779519.0,114342160.0
2011-04-11,23.6,23.86,24.24,23.37,3929482.0,93429816.0
2011-04-12,24.95,24.88,26.2,24.71,11853710.0,300257472.0
2011-04-13,24.42,24.89,25.38,24.2,6255264.0,155905760.0
2011-04-14,24.6,24.03,24.7,24.01,4444068.0,107520064.0
2011-04-15,24.04,23.7,24.45,23.6,2892439.0,69114072.0
2011-04-18,23.5,23.3,23.6,22.88,3694392.0,85331648.0
2011-04-19,23.3,23.57,23.85,22.83,3223183.0,75508816.0
2011-04-20,23.4,23.3,23.57,23.11,2008388.0,46835588.0
2011-04-21,23.4,23.96,24.39,23.15,4461812.0,106546888.0
2011-04-22,23.88,23.36,24.18,23.35,2477711.0,58469188.0
2011-04-25,23.15,22.28,23.36,22.23,3787787.0,85338488.0
2011-04-26,22.2,21.83,22.2,21.61,1860551.0,40625028.0
2011-04-27,21.63,21.07,21.99,20.87,2621967.0,55736852.0
2011-04-28,21.2,20.66,21.49,20.65,1965565.0,41413044.0
2011-04-29,20.72,21.39,21.44,20.71,1673678.0,35289804.0
2011-05-03,21.4,21.67,21.73,21.11,1455820.0,31235822.0
2011-05-04,21.6,20.88,21.6,20.82,1484541.0,31396982.0
2011-05-05,20.9,20.99,21.48,20.9,2085386.0,43974856.0
2011-05-06,20.95,23.09,23.09,20.65,9811086.0,222151040.0
2011-05-09,22.78,23.14,23.32,22.51,7386097.0,169806080.0
2011-05-10,23.14,23.29,23.29,22.68,5159798.0,118569088.0
2011-05-11,23.28,24.13,24.98,22.88,10391620.0,251938192.0
2011-05-12,23.81,23.48,24.5,23.42,6246110.0,149076816.0
2011-05-13,23.56,23.8,24.29,23.09,4769531.0,112873528.0
2011-05-16,23.8,23.93,24.49,23.68,5236266.0,126568968.0
2011-05-17,23.93,23.93,23.93,23.93,0.0,0.0
2011-05-18,23.93,23.93,23.93,23.93,0.0,0.0
2011-05-19,23.93,23.93,23.93,23.93,0.0,0.0
2011-05-20,23.93,23.93,23.93,23.93,0.0,0.0
2011-05-23,23.93,23.93,23.93,23.93,0.0,0.0
2011-05-24,23.93,23.93,23.93,23.93,0.0,0.0
2011-05-25,23.93,23.93,23.93,23.93,0.0,0.0
2011-05-26,23.93,23.93,23.93,23.93,0.0,0.0
2011-05-27,23.93,23.93,23.93,23.93,0.0,0.0
2011-05-30,23.93,23.93,23.93,23.93,0.0,0.0
2011-05-31,23.93,23.93,23.93,23.93,0.0,0.0
2011-06-01,23.93,23.93,23.93,23.93,0.0,0.0
2011-06-02,21.54,21.54,22.59,21.54,10361196.0,224793120.0
2011-06-03,20.95,21.45,21.67,20.95,5330360.0,113619240.0
2011-06-07,21.3,21.27,21.35,21.0,3729733.0,79082656.0
2011-06-08,21.25,21.41,21.86,21.13,4328752.0,92927200.0
2011-06-09,21.39,19.91,21.39,19.7,6167071.0,126814232.0
2011-06-10,19.8,19.38,19.8,18.9,3616747.0,69913296.0
2011-06-13,19.19,19.23,19.28,18.5,2081676.0,39572872.0
2011-06-14,19.19,19.56,19.78,19.01,2694059.0,52691028.0
2011-06-15,19.41,19.48,19.87,19.3,2600674.0,51052672.0
2011-06-16,19.0,19.35,19.98,19.0,3224302.0,63026400.0
2011-06-17,19.35,18.83,19.57,18.81,2254445.0,43433176.0
2011-06-20,18.65,17.78,18.8,17.4,3171749.0,56889672.0
2011-06-21,17.77,17.86,17.97,17.4,2284240.0,40454376.0
2011-06-22,17.83,18.28,18.66,17.83,2886753.0,52921992.0
2011-06-23,18.0,18.48,18.68,18.0,2508267.0,46045848.0
2011-06-24,18.35,18.97,19.32,18.33,4054515.0,76412216.0
2011-06-27,18.97,19.39,19.64,18.85,3198839.0,61829568.0
2011-06-28,19.68,19.46,20.15,19.33,4638617.0,91748384.0
2011-06-29,19.32,19.02,19.99,19.02,3384187.0,66018092.0
2011-06-30,19.26,20.1,20.16,19.26,6988802.0,138788896.0
2011-07-01,19.87,19.92,20.14,19.8,4739075.0,94590808.0
2011-07-04,19.92,20.35,20.48,19.92,4529627.0,91423424.0
2011-07-05,20.45,20.26,20.65,20.08,4168014.0,84635288.0
2011-07-06,20.18,20.24,20.28,19.58,3731701.0,74314064.0
2011-07-07,20.43,20.1,20.44,20.06,4015526.0,81335312.0
2011-07-08,20.09,19.77,20.09,19.58,3012571.0,59573076.0
2011-07-11,19.61,19.95,20.07,19.5,2265542.0,44977004.0
2011-07-12,19.78,19.35,19.9,19.31,2528275.0,49640956.0
2011-07-13,19.4,19.93,19.97,19.35,2890412.0,57029288.0
2011-07-14,20.06,20.49,20.79,20.06,5995730.0,122753808.0
2011-07-15,20.38,20.74,20.95,20.3,4549978.0,94033536.0
2011-07-18,20.87,21.24,22.57,20.87,8078078.0,174869424.0
2011-07-19,21.18,21.28,21.45,20.74,5103485.0,107917032.0
2011-07-20,21.88,21.54,21.91,21.01,5696252.0,122838064.0
2011-07-21,21.62,20.62,21.7,20.61,4047884.0,84501088.0
2011-07-22,21.7,21.4,22.68,21.36,9424574.0,205295808.0
2011-07-25,21.08,19.94,21.08,19.86,6550775.0,134264416.0
2011-07-26,19.77,19.82,20.13,19.51,3281722.0,64820168.0
2011-07-27,19.89,20.08,20.14,19.65,3248520.0,64919832.0
2011-07-28,19.8,19.7,19.85,19.28,2574256.0,50371012.0
2011-07-29,19.68,19.52,19.95,19.49,1942480.0,38216916.0
2011-08-01,19.62,19.67,19.97,19.5,1840414.0,36368208.0
2011-08-02,19.6,19.39,19.62,18.95,2209284.0,42429796.0
2011-08-03,19.05,19.67,19.68,19.0,1732436.0,33604716.0
2011-08-04,19.64,20.11,20.13,19.6,2630155.0,52324808.0
2011-08-05,19.59,19.53,19.75,19.25,2120315.0,41423168.0
2011-08-08,19.1,17.66,19.1,17.58,5044964.0,91426960.0
2011-08-09,17.0,17.69,17.94,16.27,3376376.0,57906636.0
2011-08-10,18.1,17.93,18.26,17.7,2837296.0,51120008.0
2011-08-11,17.47,18.09,18.17,17.15,2530873.0,45269040.0
2011-08-12,18.92,19.9,19.9,18.92,12653816.0,250047008.0
2011-08-15,19.88,19.92,20.4,19.65,9580264.0,190596992.0
2011-08-16,19.95,19.5,20.09,19.47,4562024.0,90177624.0
2011-08-17,19.41,19.74,20.47,19.41,6593690.0,131891704.0
2011-08-18,19.74,19.05,19.88,19.0,4252538.0,82492536.0
2011-08-19,18.28,19.55,19.7,18.24,3997405.0,75450240.0
2011-08-22,19.5,19.33,19.99,19.1,3097007.0,60498376.0
2011-08-23,19.25,19.77,19.8,19.25,2853303.0,56118620.0
2011-08-24,20.0,19.84,20.4,19.68,4625311.0,92645624.0
2011-08-25,19.81,20.26,20.28,19.62,4068044.0,81501632.0
2011-08-26,20.1,20.02,20.3,19.8,3206579.0,64292828.0
2011-08-29,19.8,20.45,20.5,19.64,3931728.0,78983112.0
2011-08-30,20.47,20.05,21.09,20.01,6370987.0,131815496.0
2011-08-31,20.1,19.82,20.19,19.48,3015775.0,59569568.0
2011-09-01,19.87,19.7,20.33,19.65,2536797.0,50682388.0
2011-09-02,19.61,19.3,19.75,19.2,1637259.0,31785346.0
2011-09-05,19.09,18.4,19.1,18.1,2497619.0,46190704.0
2011-09-06,18.4,18.06,18.48,17.82,1776229.0,32238316.0
2011-09-07,18.33,18.75,18.88,18.15,2663479.0,49259900.0
2011-09-08,18.81,18.2,18.87,18.18,2325777.0,43250276.0
2011-09-09,18.2,18.17,18.41,17.92,2443527.0,44275920.0
2011-09-13,17.86,17.85,18.2,17.65,1925108.0,34572788.0
2011-09-14,17.85,17.85,17.85,17.85,0.0,0.0
2011-09-15,18.15,18.1,18.52,18.08,2646429.0,48545916.0
2011-09-16,18.46,18.13,18.46,18.02,1719095.0,31296286.0
2011-09-19,18.01,17.82,18.14,17.8,1487126.0,26690856.0
2011-09-20,17.69,17.7,17.99,17.21,1907239.0,33478556.0
2011-09-21,17.86,18.65,18.67,17.72,3590431.0,66015444.0
2011-09-22,18.45,17.91,18.45,17.85,2859973.0,51968308.0
2011-09-23,17.59,18.01,18.16,17.4,2099180.0,37574192.0
2011-09-26,17.82,17.71,18.06,17.6,1469446.0,26233854.0
2011-09-27,17.95,17.83,18.01,17.6,1491481.0,26637106.0
2011-09-28,18.08,17.41,18.14,17.41,1565210.0,27713258.0
2011-09-29,17.41,16.83,17.5,16.78,1592057.0,27290636.0
2011-09-30,16.83,16.84,17.28,16.56,1226201.0,20662136.0
2011-10-10,16.98,16.56,17.15,16.55,930986.0,15656385.0
2011-10-11,17.0,16.69,17.13,16.43,1327081.0,22356584.0
2011-10-12,16.6,17.38,17.42,16.41,1948007.0,33307500.0
2011-10-13,17.2,17.76,17.83,17.2,2265818.0,39986340.0
2011-10-14,18.05,17.9,18.22,17.55,3441767.0,61698016.0
2011-10-17,17.9,18.7,18.8,17.71,5200955.0,94982088.0
2011-10-18,18.3,18.36,19.55,18.2,7928493.0,150095888.0
2011-10-19,18.31,17.7,18.36,17.67,3657933.0,65625356.0
2011-10-20,17.7,17.06,17.88,16.81,2419506.0,41767684.0
2011-10-21,17.09,17.05,17.4,16.8,1654383.0,28368538.0
2011-10-24,17.13,17.42,17.51,16.55,2109729.0,35979244.0
2011-10-25,17.31,18.25,18.5,17.3,3841551.0,69357600.0
2011-10-26,18.02,18.3,18.5,17.96,4024673.0,73373160.0
2011-10-27,18.35,18.66,19.66,18.11,7681058.0,144843664.0
2011-10-28,18.99,18.96,19.14,18.6,4794605.0,90378320.0
2011-10-31,18.95,19.12,19.56,18.66,4151267.0,79323464.0
2011-11-01,18.9,19.43,19.79,18.68,5596306.0,108575648.0
2011-11-02,19.2,20.51,20.9,19.0,13098538.0,263433200.0
2011-11-03,20.5,20.21,21.7,20.21,14054477.0,293237504.0
2011-11-04,20.2,19.96,20.5,19.86,7067884.0,142069408.0
2011-11-07,19.65,19.38,19.84,19.31,4887566.0,95438536.0
2011-11-08,19.4,19.51,19.7,19.21,3430445.0,66739996.0
2011-11-09,19.6,19.91,19.92,19.01,4555191.0,88911440.0
2011-11-10,19.5,19.33,20.1,19.3,5248535.0,103420216.0
2011-11-11,19.33,19.09,19.59,18.91,4174078.0,80135104.0
2011-11-14,19.4,19.52,19.65,19.24,3752688.0,73029440.0
2011-11-15,19.55,19.91,20.03,19.52,5100677.0,101239200.0
2011-11-16,20.07,19.76,20.69,19.6,7911538.0,159858000.0
2011-11-17,19.76,20.2,20.55,19.75,6925362.0,139807104.0
2011-11-18,19.9,19.02,20.14,19.0,4808172.0,93311928.0
2011-11-21,19.11,19.09,19.26,18.89,1687126.0,32183470.0
2011-11-22,18.9,19.2,19.6,18.82,2837886.0,54541124.0
2011-11-23,19.11,18.68,19.35,18.6,2983097.0,56356896.0
2011-11-24,18.4,18.27,18.4,17.9,4804821.0,87250008.0
2011-11-25,18.26,17.94,18.62,17.86,3762271.0,68626248.0
2011-11-28,18.11,17.66,18.31,17.48,2659263.0,47254328.0
2011-11-29,17.94,18.1,18.12,17.7,2261627.0,40621344.0
2011-11-30,18.1,17.1,18.1,16.81,2737385.0,47472180.0
2011-12-01,17.68,17.36,17.75,17.35,2445817.0,42891912.0
2011-12-02,17.34,17.26,17.47,17.01,1527091.0,26383888.0
2011-12-05,17.0,16.6,17.24,16.5,2014597.0,33764736.0
2011-12-06,16.53,16.76,16.9,16.45,1509951.0,25226280.0
2011-12-07,16.9,17.4,17.65,16.84,2879285.0,49959844.0
2011-12-08,17.35,17.41,17.75,17.01,2269968.0,39394848.0
2011-12-09,17.22,17.28,17.66,17.12,1525309.0,26537768.0
2011-12-12,17.34,16.7,17.37,16.62,1677419.0,28366822.0
2011-12-13,16.7,16.7,16.7,16.7,0.0,0.0
2011-12-14,15.97,15.45,16.25,15.45,2223029.0,35351320.0
2011-12-15,15.19,15.05,15.52,14.75,2266734.0,34184180.0
2011-12-16,15.11,15.8,15.82,15.02,1992270.0,30767640.0
2011-12-19,15.7,16.08,16.3,15.47,2758272.0,43951752.0
2011-12-20,16.0,15.8,16.3,15.79,1588367.0,25463022.0
2011-12-21,15.99,15.35,16.15,15.31,1046579.0,16517741.0
2011-12-22,15.35,15.06,15.5,14.31,1771992.0,26361174.0
2011-12-23,15.1,15.26,15.45,15.0,1072712.0,16416462.0
2011-12-26,16.5,15.64,16.59,15.58,3954767.0,63346564.0
2011-12-27,15.32,14.95,15.44,14.9,1923522.0,29159718.0
2011-12-28,14.75,14.81,14.95,14.43,1598378.0,23385278.0
2011-12-29,14.81,14.85,15.03,14.68,1744266.0,25997590.0
2011-12-30,14.97,15.16,15.2,14.9,1674568.0,25245662.0
2012-01-04,15.6,14.83,15.74,14.81,1461998.0,22232138.0
2012-01-05,14.58,14.02,14.79,14.0,1346265.0,19404428.0
2012-01-06,14.0,14.3,14.35,13.7,1427288.0,20100524.0
2012-01-09,14.29,14.96,15.09,13.88,1906941.0,27801694.0
2012-01-10,14.96,15.43,15.51,14.9,2924831.0,44680628.0
2012-01-11,15.4,15.96,16.89,15.22,4758497.0,76968808.0
2012-01-12,15.78,15.69,15.97,15.47,2925735.0,45932612.0
2012-01-13,15.69,14.97,15.8,14.8,1950945.0,29624090.0
2012-01-16,14.79,14.5,15.15,14.5,1425550.0,21109222.0
2012-01-17,14.55,15.38,15.4,14.41,1777541.0,26761312.0
2012-01-18,15.5,15.22,16.08,15.18,3350399.0,52292932.0
2012-01-19,15.18,15.3,15.49,15.1,1721757.0,26367460.0
2012-01-20,15.5,15.43,15.52,15.31,1561630.0,24056774.0
2012-01-30,15.6,15.35,15.7,15.28,1436235.0,22213496.0
2012-01-31,15.4,15.33,15.45,15.05,1014005.0,15424071.0
2012-02-01,15.59,15.17,15.67,15.12,1374587.0,21173384.0
2012-02-02,15.17,15.51,15.6,15.17,1851650.0,28534502.0
2012-02-03,15.56,15.89,16.05,15.41,3422381.0,53974396.0
2012-02-06,15.83,15.81,15.99,15.69,2376474.0,37541212.0
2012-02-07,15.75,15.42,15.81,15.3,2305422.0,35739636.0
2012-02-08,15.4,15.88,15.88,15.3,2476125.0,38914028.0
2012-02-09,16.0,16.18,16.36,15.8,4847957.0,78082800.0
2012-02-10,16.08,15.96,16.16,15.82,3204328.0,51186860.0
2012-02-13,15.71,16.21,16.38,15.71,4083638.0,65824068.0
2012-02-14,16.15,16.01,16.24,15.91,2373969.0,38110668.0
2012-02-15,16.0,16.4,16.67,15.95,4651694.0,76232344.0
2012-02-16,16.47,16.85,17.8,16.36,8605806.0,146526848.0
2012-02-17,16.6,16.55,16.9,16.3,4576440.0,75871232.0
2012-02-20,16.75,16.69,17.32,16.67,5345247.0,90783864.0
2012-02-21,16.61,17.24,17.3,16.55,5926919.0,101085584.0
2012-02-22,17.46,17.53,17.75,17.2,6729487.0,117757512.0
2012-02-23,17.4,17.55,17.72,17.26,5260742.0,91930680.0
2012-02-24,17.44,17.6,17.85,17.39,4993802.0,87968640.0
2012-02-27,17.68,17.72,17.98,17.51,6373189.0,113090656.0
2012-02-28,17.65,17.4,17.95,17.16,4871974.0,85278952.0
2012-02-29,17.44,17.1,17.51,17.06,3466655.0,60070336.0
2012-03-01,17.0,17.26,17.43,16.94,2647836.0,45646536.0
2012-03-02,17.28,17.44,17.56,17.23,3101055.0,54058404.0
2012-03-05,17.47,17.61,17.74,17.45,3659815.0,64446364.0
2012-03-06,17.51,17.81,17.88,17.39,5788155.0,102398304.0
2012-03-07,17.58,17.82,18.67,17.51,7328090.0,132950640.0
2012-03-08,17.91,17.97,18.15,17.85,3231923.0,58067612.0
2012-03-09,18.15,18.4,18.6,18.0,4820001.0,88456312.0
2012-03-12,18.51,18.39,18.57,18.15,2893864.0,52964060.0
2012-03-13,18.35,18.63,18.88,18.25,3024513.0,56441244.0
2012-03-14,18.8,17.45,18.93,17.13,4985116.0,90217888.0
2012-03-15,17.45,17.07,17.68,16.79,3374424.0,57758188.0
2012-03-16,17.07,18.03,18.1,17.07,4974722.0,88544920.0
2012-03-19,18.04,18.32,18.45,17.9,2935315.0,53419836.0
2012-03-20,18.54,18.01,18.54,17.88,2709113.0,49004704.0
2012-03-21,18.01,18.0,18.17,17.52,2267148.0,40531820.0
2012-03-22,18.05,17.74,18.05,17.4,2573610.0,45383924.0
2012-03-23,17.72,17.05,17.72,17.0,2110608.0,36348644.0
2012-03-26,17.0,16.83,17.14,16.77,1541545.0,26031850.0
2012-03-27,16.99,17.0,17.25,16.9,1540182.0,26268738.0
2012-03-28,17.0,16.16,17.01,16.16,1616781.0,26667764.0
2012-03-29,16.2,15.57,16.2,15.3,1613881.0,25341092.0
2012-03-30,15.64,15.49,15.78,15.34,1046656.0,16222361.0
2012-04-05,15.4,16.02,16.06,15.4,1366003.0,21604122.0
2012-04-06,15.92,16.5,17.19,15.9,2199630.0,36503936.0
2012-04-09,16.43,16.05,16.43,16.01,1132845.0,18377492.0
2012-04-10,15.92,16.56,16.56,15.78,1287383.0,20807860.0
2012-04-11,16.07,16.36,16.5,16.0,1090907.0,17811776.0
2012-04-12,16.37,16.75,16.85,16.37,1523239.0,25362558.0
2012-04-13,16.88,16.88,17.2,16.64,2104359.0,35606192.0
2012-04-16,16.5,16.39,16.57,16.28,2510429.0,41099104.0
2012-04-17,16.4,16.28,16.8,16.08,1837765.0,30190556.0
2012-04-18,16.33,16.54,16.66,16.22,1566523.0,25813144.0
2012-04-19,16.51,16.56,16.65,16.31,1716983.0,28339886.0
2012-04-20,16.49,16.5,16.68,16.4,1427126.0,23587304.0
2012-04-23,16.5,15.95,16.66,15.93,1839032.0,29879840.0
2012-04-24,15.93,15.71,16.16,15.35,1769859.0,27746080.0
2012-04-25,15.95,15.87,15.95,15.68,1070118.0,16927822.0
2012-04-26,15.95,16.02,16.08,15.79,1504205.0,23993230.0
2012-04-27,16.03,16.1,16.31,15.9,1679809.0,27092300.0
2012-05-02,16.38,16.47,16.58,16.05,2438119.0,39800656.0
2012-05-03,16.4,16.49,16.59,16.31,1741312.0,28668320.0
2012-05-04,16.82,16.56,17.16,16.56,3404157.0,57324500.0
2012-05-07,16.5,16.29,16.51,16.16,2467013.0,40218040.0
2012-05-08,16.3,16.33,16.48,16.28,1421313.0,23256402.0
2012-05-09,16.25,15.95,16.25,15.83,1542279.0,24627758.0
2012-05-10,15.95,15.95,15.95,15.95,0.0,0.0
2012-05-11,15.98,15.71,16.18,15.71,1299557.0,20548720.0
2012-05-14,15.81,15.8,16.1,15.8,1163178.0,18521172.0
2012-05-15,15.75,16.07,16.08,15.51,929003.0,14631208.0
2012-05-16,15.97,15.8,16.13,15.8,857171.0,13670685.0
2012-05-17,15.79,15.95,16.08,15.62,920936.0,14634910.0
2012-05-18,15.84,15.85,16.15,15.75,1207748.0,19275464.0
2012-05-21,15.85,15.91,16.0,15.67,981020.0,15574135.0
2012-05-22,16.08,16.26,16.59,16.07,2763294.0,45208740.0
2012-05-23,16.27,16.29,16.34,15.94,1955290.0,31633106.0
2012-05-24,16.28,17.4,17.92,16.28,9099873.0,154968176.0
2012-05-25,17.44,17.47,17.83,17.19,7223724.0,126560920.0
2012-05-28,17.28,17.26,17.4,16.83,3068073.0,52355376.0
2012-05-29,17.3,17.23,17.93,17.18,4305281.0,75406304.0
2012-05-30,17.0,16.95,17.18,16.71,2925921.0,49447200.0
2012-05-31,16.85,17.1,17.38,16.75,2426674.0,41625688.0
2012-06-01,17.09,16.7,17.34,16.61,2173012.0,36686836.0
2012-06-04,16.5,16.13,16.7,16.11,1664357.0,27346058.0
2012-06-05,16.05,15.96,16.36,15.88,1329260.0,21381210.0
2012-06-06,16.08,16.08,16.2,15.96,793001.0,12759976.0
2012-06-07,16.27,15.98,16.5,15.88,1057197.0,17055020.0
2012-06-08,16.02,15.99,16.2,15.9,823374.0,13207395.0
2012-06-11,16.06,16.37,16.58,16.06,2849825.0,46660848.0
2012-06-12,16.28,16.14,16.3,16.06,1333376.0,21537660.0
2012-06-13,16.2,16.3,16.34,15.96,2211758.0,35832712.0
2012-06-14,16.2,16.13,16.3,16.04,1019384.0,16505146.0
2012-06-15,16.19,16.24,16.45,16.09,1258671.0,20410460.0
2012-06-18,16.3,16.28,16.36,16.12,2348881.0,38239828.0
2012-06-19,16.29,15.86,16.29,15.83,1883935.0,30128530.0
2012-06-20,15.86,16.06,16.32,15.86,1675020.0,27020170.0
2012-06-21,15.94,15.5,16.0,15.48,1486724.0,23308970.0
2012-06-25,15.44,14.89,15.6,14.88,1175839.0,17905332.0
2012-06-26,14.8,14.94,15.06,14.65,881368.0,13077767.0
2012-06-27,14.89,14.74,15.11,14.7,713881.0,10644652.0
2012-06-28,14.76,14.35,14.89,14.35,761803.0,11092161.0
2012-06-29,14.41,14.51,14.56,14.27,764496.0,11048185.0
2012-07-02,14.59,14.9,15.0,14.48,1534958.0,22632568.0
2012-07-03,14.9,14.81,15.09,14.73,729478.0,10863639.0
2012-07-04,14.81,14.97,15.1,14.8,676173.0,10080731.0
2012-07-05,14.98,15.0,15.19,14.83,1659901.0,24961254.0
2012-07-06,15.0,15.0,15.16,14.35,1379223.0,20441016.0
2012-07-09,14.89,14.46,14.96,14.42,716620.0,10514098.0
2012-07-10,14.42,14.4,14.64,14.2,532287.0,7634896.0
2012-07-11,14.45,14.38,14.6,14.21,487166.0,6994554.0
2012-07-12,14.36,14.56,14.6,14.22,1659213.0,23880878.0
2012-07-13,14.5,14.37,14.6,14.33,888802.0,12831105.0
2012-07-16,14.35,13.5,14.36,13.49,1461088.0,20051410.0
2012-07-17,13.5,13.26,13.5,13.0,1946623.0,25654936.0
2012-07-18,13.18,13.22,13.26,12.85,861639.0,11284331.0
2012-07-19,13.23,13.39,13.72,13.17,1412596.0,19051972.0
2012-07-20,13.4,13.43,13.72,13.26,899378.0,12178990.0
2012-07-23,13.69,13.49,13.69,13.42,1064945.0,14438639.0
2012-07-24,13.38,13.42,13.61,13.38,846878.0,11424236.0
2012-07-25,13.35,13.23,13.53,13.16,640757.0,8561895.0
2012-07-26,13.24,12.86,13.26,12.86,1685942.0,21938218.0
2012-07-27,12.9,12.42,13.0,12.34,2185971.0,27393458.0
2012-07-30,12.4,12.12,12.47,12.02,1419452.0,17255910.0
2012-07-31,12.11,11.9,12.17,11.87,731663.0,8734256.0
2012-08-01,11.8,12.06,12.2,11.8,845731.0,10208030.0
2012-08-02,12.1,12.45,13.25,12.0,2689719.0,34034216.0
2012-08-03,12.25,12.54,12.74,12.24,1804330.0,22546184.0
2012-08-06,12.48,12.82,12.86,12.46,1195561.0,15184871.0
2012-08-07,12.82,12.89,13.12,12.79,1450850.0,18762478.0
2012-08-08,12.89,12.93,13.05,12.72,1327890.0,17102680.0
2012-08-09,12.86,12.89,12.95,12.53,1053850.0,13501021.0
2012-08-10,12.97,13.09,13.44,12.87,2281722.0,30087924.0
2012-08-13,13.12,12.65,13.12,12.65,1514770.0,19319836.0
2012-08-14,12.68,12.78,12.84,12.3,1193692.0,14925849.0
2012-08-15,12.78,12.55,12.78,12.54,695249.0,8769638.0
2012-08-16,12.48,12.54,12.58,12.45,645915.0,8090341.0
2012-08-17,12.5,12.51,12.69,12.41,458737.0,5756624.0
2012-08-20,12.45,12.43,12.49,12.21,535949.0,6603610.0
2012-08-21,12.43,12.87,13.07,12.39,1361582.0,17454938.0
2012-08-22,12.8,12.86,12.95,12.72,1070208.0,13743050.0
2012-08-23,12.73,13.0,13.05,12.71,1259461.0,16287921.0
2012-08-24,13.0,12.56,13.0,12.53,1155048.0,14674813.0
2012-08-27,12.38,12.08,12.38,12.05,976577.0,11903839.0
2012-08-28,12.08,12.21,12.28,12.01,552102.0,6741630.0
2012-08-29,12.18,12.23,12.36,12.05,801669.0,9813403.0
2012-08-30,12.29,12.69,13.3,12.15,2949413.0,37575540.0
2012-08-31,12.45,13.07,13.09,12.4,3224150.0,41454156.0
2012-09-03,13.0,13.2,13.25,12.9,3337279.0,43643020.0
2012-09-04,13.16,13.3,13.5,13.03,3692914.0,49186256.0
2012-09-05,13.26,13.28,13.6,13.0,2599701.0,34752644.0
2012-09-06,13.38,13.33,13.45,13.08,1641180.0,21698488.0
2012-09-07,13.42,13.61,13.94,13.32,3445729.0,46922740.0
2012-09-10,13.63,14.3,14.5,13.5,5287402.0,75060080.0
2012-09-11,14.38,14.18,14.58,14.1,3166687.0,45216896.0
2012-09-12,14.36,14.14,14.68,13.98,2201403.0,31218492.0
2012-09-13,14.14,13.8,14.23,13.8,2402339.0,33545742.0
2012-09-14,14.0,13.84,14.0,13.62,1310002.0,18059784.0
2012-09-17,13.89,13.68,14.07,13.65,1094911.0,15163505.0
2012-09-18,13.66,14.3,14.35,13.6,3381955.0,47719560.0
2012-09-19,14.6,14.14,14.94,14.11,5587562.0,81234792.0
2012-09-20,13.88,13.53,14.0,13.5,2896109.0,39684076.0
2012-09-21,13.53,13.33,13.64,13.33,1144780.0,15431744.0
2012-09-24,13.11,13.32,13.43,13.1,1095010.0,14539108.0
2012-09-25,13.25,13.1,13.38,13.08,736502.0,9723911.0
2012-09-26,13.1,12.72,13.13,12.5,967173.0,12381209.0
2012-09-27,12.7,13.01,13.12,12.58,834476.0,10762181.0
2012-09-28,12.8,13.23,13.27,12.79,795271.0,10450384.0
2012-10-08,13.44,13.32,13.47,13.2,578534.0,7708537.0
2012-10-09,13.43,13.76,13.79,13.28,1336161.0,18208416.0
2012-10-10,13.62,13.86,14.06,13.62,1263692.0,17580892.0
2012-10-11,13.88,14.15,14.48,13.74,2496888.0,35597704.0
2012-10-12,14.01,14.3,14.35,13.85,2205619.0,31276962.0
2012-10-15,14.2,14.0,14.25,13.8,1392141.0,19472462.0
2012-10-16,14.1,13.93,14.19,13.81,938480.0,13076092.0
2012-10-17,13.83,14.43,14.5,13.83,2710104.0,38792516.0
2012-10-18,14.46,14.73,14.88,14.33,2821783.0,41398376.0
2012-10-19,14.69,14.93,15.25,14.56,3328548.0,49617220.0
2012-10-22,14.8,14.8,15.08,14.75,1871632.0,27924894.0
2012-10-23,14.79,14.94,15.1,14.78,2019421.0,30240878.0
2012-10-24,14.9,14.1,15.27,13.99,6037487.0,88301208.0
2012-10-25,14.02,13.9,14.7,13.8,2459791.0,34406340.0
2012-10-26,13.9,13.91,14.19,13.84,1107360.0,15436922.0
2012-10-29,13.51,13.9,14.08,13.51,808420.0,11165381.0
2012-10-30,13.9,13.94,14.15,13.76,709430.0,9862786.0
2012-10-31,13.86,14.1,14.1,13.83,655218.0,9150741.0
2012-11-01,14.11,14.58,14.9,14.11,2197830.0,31935634.0
2012-11-02,14.58,15.12,15.2,14.54,4212979.0,63076268.0
2012-11-05,15.04,14.94,15.19,14.69,2250468.0,33566972.0
2012-11-06,14.96,14.77,15.1,14.74,2775392.0,41224756.0
2012-11-07,14.84,14.64,14.84,14.58,2062876.0,30282014.0
2012-11-08,14.7,14.88,15.02,14.58,3007539.0,44729560.0
2012-11-09,14.7,14.78,15.0,14.6,1505308.0,22268492.0
2012-11-12,14.68,14.42,14.9,14.28,1804859.0,26365166.0
2012-11-13,14.55,14.05,14.55,13.92,2018816.0,28775598.0
2012-11-14,13.86,13.43,14.2,13.22,2914906.0,39544596.0
2012-11-15,13.38,13.23,13.46,13.18,1136066.0,15135812.0
2012-11-16,13.25,13.12,13.31,12.7,1393610.0,18124832.0
2012-11-19,13.06,13.21,13.28,12.9,641685.0,8420767.0
2012-11-20,13.26,13.4,13.8,13.01,1801928.0,24145162.0
2012-11-21,13.25,13.44,13.47,13.05,1376023.0,18283936.0
2012-11-22,13.4,13.19,13.4,13.15,746496.0,9890134.0
2012-11-23,13.35,13.06,13.35,13.0,1251837.0,16385034.0
2012-11-26,13.08,12.67,13.08,12.66,810851.0,10393417.0
2012-11-27,12.5,12.28,12.8,12.22,2433690.0,30204928.0
2012-11-28,12.22,11.98,12.3,11.86,1581309.0,18943976.0
2012-11-29,11.99,11.78,12.11,11.75,1372290.0,16355635.0
2012-11-30,11.71,12.0,12.15,11.71,2267699.0,27183276.0
2012-12-03,12.0,11.55,12.09,11.5,1553569.0,18298214.0
2012-12-04,11.55,11.9,11.96,11.35,1754935.0,20448874.0
2012-12-05,11.99,12.2,12.3,11.85,5421935.0,65762724.0
2012-12-06,12.23,12.35,12.48,12.2,3958226.0,48739176.0
2012-12-07,12.35,12.45,12.59,12.2,2975623.0,36983328.0
2012-12-10,12.32,12.63,12.76,12.3,2850979.0,35583908.0
2012-12-11,12.49,12.42,12.68,12.39,2010685.0,25153018.0
2012-12-12,12.41,12.41,12.52,12.26,1686409.0,20868702.0
2012-12-13,12.34,12.18,12.39,12.16,1170608.0,14332002.0
2012-12-14,12.21,12.66,12.75,12.21,2684034.0,33784356.0
2012-12-17,12.71,12.88,13.1,12.67,2885425.0,37234596.0
2012-12-18,12.71,13.15,13.36,12.66,3139358.0,41182896.0
2012-12-19,13.2,13.38,13.53,13.0,2800655.0,37330332.0
2012-12-20,13.22,13.3,13.5,13.2,2087728.0,27823888.0
2012-12-21,13.3,13.17,13.42,13.12,1526748.0,20251992.0
2012-12-24,13.06,13.09,13.3,13.06,1090961.0,14348108.0
2012-12-25,13.1,13.64,13.65,13.05,3020158.0,40600468.0
2012-12-26,13.63,13.92,14.19,13.53,3402931.0,47511700.0
2012-12-27,14.12,13.63,14.25,13.6,2098266.0,28945388.0
2012-12-28,13.73,13.88,14.32,13.7,2465943.0,34646212.0
2012-12-31,13.88,14.17,14.52,13.88,3671012.0,52349068.0
2013-01-04,14.3,14.29,14.86,14.29,2597378.0,37743644.0
2013-01-07,14.19,14.42,14.47,14.16,1578928.0,22626328.0
2013-01-08,14.42,15.05,15.11,14.31,4034130.0,59658020.0
2013-01-09,14.95,15.2,15.56,14.75,3616366.0,54806600.0
2013-01-10,15.09,14.96,15.47,14.9,2325113.0,35246300.0
2013-01-11,14.86,14.69,15.13,14.53,3181576.0,47188552.0
2013-01-14,14.69,15.19,15.27,14.69,2896494.0,43612312.0
2013-01-15,15.2,15.63,15.99,15.11,4252803.0,66394820.0
2013-01-16,15.63,15.55,15.79,15.3,2144595.0,33241324.0
2013-01-17,15.93,15.71,16.18,15.55,2591851.0,41084648.0
2013-01-18,15.66,15.72,15.88,15.5,2252472.0,35330560.0
2013-01-21,15.95,16.17,16.36,15.58,3264291.0,52338160.0
2013-01-22,16.17,16.0,16.56,15.86,2037783.0,32852800.0
2013-01-23,16.8,16.4,16.8,16.1,4276010.0,70215136.0
2013-01-24,16.37,15.74,16.49,15.59,3724344.0,59689980.0
2013-01-25,15.75,15.89,16.29,15.65,1967085.0,31430066.0
2013-01-28,15.8,16.3,16.37,15.5,2591233.0,41904268.0
2013-01-29,16.38,16.32,16.4,16.2,2124178.0,34626972.0
2013-01-30,16.21,15.8,16.39,15.71,2993871.0,47639320.0
2013-01-31,15.9,15.46,16.18,15.46,2887047.0,45442432.0
2013-02-01,15.47,15.69,15.86,15.47,1923109.0,30089376.0
2013-02-04,15.8,15.21,15.93,15.03,2669230.0,40987716.0
2013-02-05,15.21,15.51,15.64,15.08,1393468.0,21478748.0
2013-02-06,15.49,15.9,15.95,15.49,1864514.0,29513014.0
2013-02-07,16.0,16.0,16.1,15.81,1182978.0,18879412.0
2013-02-08,16.0,16.18,16.3,15.9,1544052.0,24890662.0
2013-02-18,16.45,16.29,16.46,16.21,2204113.0,35960092.0
2013-02-19,16.15,15.7,16.39,15.67,2270115.0,36098884.0
2013-02-20,15.71,16.21,16.24,15.65,2060358.0,33010612.0
2013-02-21,16.2,17.32,17.8,16.02,7059511.0,120741656.0
2013-02-22,17.33,17.33,17.46,16.82,3163892.0,54451244.0
2013-02-25,17.32,18.86,18.86,17.11,6456128.0,117551800.0
2013-02-26,18.93,18.8,19.63,18.51,5985415.0,114272648.0
2013-02-27,18.95,19.2,19.2,18.4,3611866.0,68046936.0
2013-02-28,19.16,19.16,19.5,18.68,4196708.0,79952296.0
2013-03-01,19.0,20.0,20.2,19.0,4078782.0,80250616.0
2013-03-04,20.0,19.75,20.3,19.52,3952983.0,78538816.0
2013-03-05,19.67,20.2,20.2,19.65,1636831.0,32485044.0
2013-03-06,20.19,20.31,20.91,20.04,2111517.0,43194884.0
2013-03-07,20.3,19.84,20.44,19.6,2597332.0,51698284.0
2013-03-08,19.81,19.74,20.39,19.54,1634011.0,32521460.0
2013-03-11,19.58,20.12,20.24,19.48,1875739.0,37641944.0
2013-03-12,20.35,19.15,20.35,18.96,2810315.0,54313772.0
2013-03-13,19.1,19.03,19.4,18.68,1951869.0,36993100.0
2013-03-14,19.03,19.45,19.75,19.03,1355413.0,26437018.0
2013-03-15,19.7,19.76,20.0,19.3,1551039.0,30615550.0
2013-03-18,19.8,19.83,20.08,19.7,899351.0,17848300.0
2013-03-19,19.69,19.43,20.1,19.12,1221125.0,23857882.0
2013-03-20,19.43,20.15,20.19,19.25,2005946.0,40042696.0
2013-03-21,20.3,21.9,21.9,20.05,5695769.0,120655512.0
2013-03-22,22.0,22.28,23.18,22.0,5507173.0,124361824.0
2013-03-25,21.8,22.5,22.99,21.8,2172023.0,48794556.0
2013-03-26,22.66,23.25,23.29,22.41,3587521.0,82206200.0
2013-03-27,23.3,22.63,23.4,22.35,2915802.0,66408888.0
2013-03-28,22.42,21.5,22.47,20.56,3369370.0,72466984.0
2013-03-29,21.61,21.71,21.99,21.35,1423080.0,30973400.0
2013-04-01,21.71,21.21,21.83,20.75,3081508.0,65391748.0
2013-04-02,21.21,20.54,21.71,20.22,2415449.0,51002532.0
2013-04-03,20.31,20.2,20.92,20.02,1331443.0,27298588.0
2013-04-08,20.21,21.26,21.5,19.8,2003387.0,41687436.0
2013-04-09,21.3,20.93,21.77,20.83,2615880.0,55743344.0
2013-04-10,20.93,20.55,21.1,20.48,1459094.0,30281802.0
2013-04-11,20.23,20.5,21.1,20.23,1186251.0,24579890.0
2013-04-12,20.33,20.42,20.72,20.33,1059447.0,21747572.0
2013-04-15,20.37,20.09,20.79,20.0,1246567.0,25135278.0
2013-04-16,19.96,20.46,20.53,19.9,820142.0,16576426.0
2013-04-17,21.7,22.51,22.51,21.7,6546192.0,145832768.0
2013-04-18,22.7,22.71,23.1,22.25,4240788.0,96244224.0
2013-04-19,22.67,22.92,23.03,22.4,2792075.0,63560232.0
2013-04-22,22.7,21.76,22.8,21.61,4642394.0,103043304.0
2013-04-23,21.58,21.7,22.15,21.05,3688689.0,79783064.0
2013-04-24,21.62,21.71,22.21,21.06,2995972.0,65215180.0
2013-04-25,21.28,20.08,21.28,20.01,6021834.0,124816352.0
2013-04-26,20.15,20.01,20.32,19.88,1740443.0,34844380.0
2013-05-02,19.99,20.7,20.85,19.91,1986990.0,40675712.0
2013-05-03,20.7,20.94,21.22,20.6,1898090.0,39802852.0
2013-05-06,20.85,21.28,21.33,20.8,1472078.0,31239892.0
2013-05-07,21.28,21.28,21.28,21.28,0.0,0.0
2013-05-08,21.28,21.28,21.28,21.28,0.0,0.0
2013-05-09,21.28,21.28,21.28,21.28,0.0,0.0
2013-05-10,23.41,23.41,23.41,23.1,4071289.0,95177616.0
2013-05-13,24.58,25.67,25.7,24.1,12512801.0,315324992.0
2013-05-14,26.6,26.01,26.88,25.6,11268015.0,294881248.0
2013-05-15,26.2,26.38,27.58,26.1,12732374.0,339484512.0
2013-05-16,26.08,27.25,27.37,26.0,12086477.0,322670784.0
2013-05-17,26.81,26.7,27.17,26.2,8053172.0,214725648.0
2013-05-20,27.39,27.5,27.93,26.91,7679913.0,210919840.0
2013-05-21,27.2,27.7,28.38,26.5,7844040.0,216781280.0
2013-05-22,27.75,27.9,28.83,27.6,6874001.0,194060080.0
2013-05-23,27.58,26.91,27.73,26.63,4535547.0,122946360.0
2013-05-24,27.17,26.93,27.32,26.4,3895711.0,104282512.0
2013-05-27,27.0,27.13,27.5,26.89,3424430.0,92942312.0
2013-05-28,27.23,27.96,28.22,26.84,4609662.0,127449152.0
2013-05-29,27.79,28.1,28.1,27.1,3909274.0,108249144.0
2013-05-30,28.76,29.15,30.3,28.6,6598020.0,194181360.0
2013-05-31,29.01,29.09,29.99,28.27,5546372.0,162581312.0
2013-06-03,28.99,28.2,29.58,28.2,3292101.0,94448920.0
2013-06-04,28.0,27.59,28.35,27.01,3073668.0,84857304.0
2013-06-05,27.6,27.8,27.95,27.36,1639899.0,45352440.0
2013-06-06,27.85,26.88,28.37,26.81,2487947.0,67693152.0
2013-06-07,26.78,25.63,26.9,25.42,3815139.0,99161680.0
2013-06-13,25.45,25.64,26.3,24.4,3332165.0,84335384.0
2013-06-14,25.8,26.04,26.49,25.64,2762068.0,72255696.0
2013-06-17,26.28,26.24,26.4,25.08,3054019.0,79271304.0
2013-06-18,26.61,27.67,28.1,26.48,5849274.0,159810448.0
2013-06-19,27.5,26.95,27.58,26.8,3345143.0,90799536.0
2013-06-20,26.65,25.92,27.25,25.85,3064177.0,80639416.0
2013-06-21,25.09,25.27,25.91,24.8,1896906.0,48249100.0
2013-06-24,25.01,23.95,26.12,23.75,3364279.0,83754744.0
2013-06-25,23.55,24.3,24.91,21.69,6010917.0,140944272.0
2013-06-26,24.95,24.9,25.24,24.3,3581075.0,89088176.0
2013-06-27,25.0,25.26,25.6,24.66,4237211.0,106209528.0
2013-06-28,24.94,24.21,25.38,23.7,2111345.0,51977524.0
2013-07-01,24.01,24.33,24.49,23.7,1892810.0,45656752.0
2013-07-02,24.38,25.75,25.79,24.36,4797062.0,121491152.0
2013-07-03,25.74,26.3,26.59,25.4,3905485.0,101650672.0
2013-07-04,26.18,26.58,27.13,26.18,3535577.0,94104080.0
2013-07-05,26.6,26.18,27.12,26.17,2393241.0,63791020.0
2013-07-08,25.6,25.65,26.28,25.22,2266468.0,57997024.0
2013-07-09,25.84,25.47,25.84,25.27,1031460.0,26254996.0
2013-07-10,25.25,26.18,26.18,24.91,1813222.0,46325472.0
2013-07-11,26.5,26.4,26.7,25.85,2113316.0,55671560.0
2013-07-12,26.4,26.5,27.2,26.3,2564005.0,68647400.0
2013-07-15,26.56,28.12,28.2,26.56,4317623.0,118305128.0
2013-07-16,28.1,27.98,28.43,27.57,2770357.0,77464160.0
2013-07-17,27.99,27.57,28.66,27.47,3254608.0,91221808.0
2013-07-18,27.1,28.33,28.66,26.72,3795643.0,106237320.0
2013-07-19,28.29,27.2,29.2,27.19,4042413.0,114656504.0
2013-07-22,26.56,27.66,27.84,26.56,3709490.0,101243264.0
2013-07-23,27.77,27.4,27.95,26.83,3829588.0,104985192.0
2013-07-24,27.41,28.72,28.76,26.95,5799992.0,161774240.0
2013-07-25,28.5,29.15,30.18,28.44,9416464.0,278385408.0
2013-07-26,28.88,28.6,29.42,28.1,4466681.0,128163968.0
2013-07-29,28.3,28.33,28.49,27.7,2655436.0,74381872.0
2013-07-30,28.0,27.8,28.48,27.3,3227858.0,90070240.0
2013-07-31,27.67,27.83,28.7,27.53,3378608.0,95504128.0
2013-08-01,27.83,29.56,29.88,27.83,5498231.0,159458528.0
2013-08-02,29.6,29.21,29.95,29.17,2306925.0,67957256.0
2013-08-05,29.02,29.69,30.09,29.02,4306447.0,127556712.0
2013-08-06,29.97,32.66,32.66,29.39,8923934.0,276469728.0
2013-08-07,33.5,34.5,35.4,32.7,12236743.0,416415040.0
2013-08-08,34.1,35.39,36.28,33.86,8991365.0,314450080.0
2013-08-09,35.5,36.45,36.6,35.2,6732120.0,242488960.0
2013-08-12,36.51,35.6,36.7,35.08,6005270.0,214167680.0
2013-08-13,35.26,35.2,35.99,35.2,2699235.0,95710224.0
2013-08-14,35.02,36.29,37.48,34.31,4386242.0,157154336.0
2013-08-15,36.29,35.9,37.39,35.7,2948829.0,107581032.0
2013-08-16,35.35,35.57,37.1,35.35,3114042.0,113067368.0
2013-08-19,35.86,39.13,39.13,35.86,5498741.0,209688544.0
2013-08-20,40.54,43.04,43.04,39.13,8480577.0,351827744.0
2013-08-21,42.35,40.99,43.4,40.51,7306446.0,305182656.0
2013-08-22,40.56,41.25,42.6,40.56,4790672.0,198872832.0
2013-08-23,42.05,42.65,43.25,40.0,6069863.0,251852240.0
2013-08-26,42.06,42.52,44.2,41.9,4041466.0,173607488.0
2013-08-27,42.58,42.52,43.99,40.61,5223922.0,220623888.0
2013-08-28,42.0,41.0,42.45,40.8,3243075.0,134518656.0
2013-08-29,40.61,39.64,40.99,39.0,4100667.0,163156896.0
2013-08-30,39.6,37.79,40.38,36.68,4778422.0,182115280.0
2013-09-02,37.85,38.3,39.6,37.8,2498927.0,97005808.0
2013-09-03,38.06,42.13,42.13,38.06,4397412.0,180539072.0
2013-09-04,43.9,44.58,46.34,43.56,8079766.0,362078464.0
2013-09-05,44.36,46.69,47.12,44.21,5324255.0,242718704.0
2013-09-06,45.81,45.3,46.5,44.7,3761916.0,170311424.0
2013-09-09,45.71,44.33,46.18,44.2,3444501.0,155316176.0
2013-09-10,44.0,44.7,45.31,43.51,2519841.0,111981896.0
2013-09-11,44.89,45.58,46.28,42.6,3830627.0,171093376.0
2013-09-12,45.2,44.75,46.78,43.0,3668943.0,164324880.0
2013-09-13,43.69,49.23,49.23,43.14,7308946.0,348697376.0
2013-09-16,50.5,49.26,51.0,48.28,4837716.0,239311072.0
2013-09-17,49.01,52.8,53.77,48.4,5494935.0,284920480.0
2013-09-18,52.0,53.19,53.89,51.0,3834398.0,201552560.0
2013-09-23,52.88,53.59,53.97,51.83,4688151.0,247616272.0
2013-09-24,53.05,51.86,53.35,51.6,3289652.0,171811104.0
2013-09-25,51.89,50.36,52.44,49.8,4014324.0,202567008.0
2013-09-26,50.36,49.43,51.05,48.89,2611581.0,130708400.0
2013-09-27,50.0,50.0,51.0,49.66,2200748.0,110636048.0
2013-09-30,51.26,51.15,52.52,49.9,3364930.0,172585232.0
2013-10-08,52.03,53.5,56.2,51.7,8344481.0,454372512.0
2013-10-09,53.54,54.61,55.2,52.11,5427935.0,294346944.0
2013-10-10,54.7,50.36,55.19,50.36,6117200.0,320844704.0
2013-10-11,52.9,53.13,54.35,51.01,6710287.0,353935200.0
2013-10-14,52.91,52.23,53.3,51.54,3819650.0,200142928.0
2013-10-15,52.1,51.2,52.5,50.74,2688127.0,138678544.0
2013-10-16,50.99,50.8,53.5,49.44,5202808.0,268725024.0
2013-10-17,50.85,51.0,52.83,50.72,2516725.0,130203160.0
2013-10-18,50.63,55.45,55.5,50.45,6561549.0,350913600.0
2013-10-21,55.9,54.5,58.78,53.9,8529713.0,479495040.0
2013-10-22,54.0,52.41,55.5,51.0,7809559.0,417696832.0
2013-10-23,52.41,47.79,52.41,47.53,6244851.0,308387840.0
2013-10-24,46.8,47.91,49.5,46.8,3657060.0,176439952.0
2013-10-25,47.6,45.28,48.58,44.4,4989595.0,227092640.0
2013-10-28,44.67,42.88,45.8,42.5,4971262.0,215811040.0
2013-10-29,42.9,44.27,44.3,41.34,5840105.0,250419696.0
2013-10-30,44.1,47.19,48.4,43.5,5141648.0,239223008.0
2013-10-31,47.19,44.79,48.76,43.8,3143679.0,145000352.0
2013-11-01,43.8,43.61,44.6,41.36,3299249.0,142420384.0
2013-11-04,43.61,44.2,44.5,43.02,1231420.0,54268320.0
2013-11-05,44.01,45.8,45.95,42.5,3170750.0,140447360.0
2013-11-06,45.36,45.3,47.86,45.0,4218273.0,196578928.0
2013-11-07,45.0,43.91,45.65,43.63,1561539.0,69419072.0
2013-11-08,43.56,40.85,43.56,40.02,3956140.0,164786976.0
2013-11-11,40.83,41.22,41.9,39.6,2625689.0,107434024.0
2013-11-12,41.0,41.78,42.38,40.67,1650366.0,68729184.0
2013-11-13,43.04,42.77,43.6,42.6,2858480.0,123001904.0
2013-11-14,42.93,44.59,45.2,41.18,4494100.0,198153216.0
2013-11-15,44.77,45.85,47.88,44.7,5209736.0,243270704.0
2013-11-18,46.6,45.66,47.4,44.97,5237106.0,241734960.0
2013-11-19,45.11,46.7,47.29,45.0,4188572.0,194156448.0
2013-11-20,46.6,46.71,47.45,45.68,2921527.0,135338368.0
2013-11-21,46.7,46.98,47.45,46.0,3922589.0,183848352.0
2013-11-22,46.51,45.6,46.91,45.5,2473114.0,114028392.0
2013-11-25,45.36,45.75,45.95,45.06,2137659.0,97485664.0
2013-11-26,45.75,47.2,47.3,45.23,2625852.0,122197952.0
2013-11-27,47.31,49.7,50.3,46.83,5252630.0,257360672.0
2013-11-28,49.4,49.67,50.78,48.85,3658440.0,182814800.0
2013-11-29,49.7,49.7,50.4,49.18,1974348.0,98357944.0
2013-12-02,47.31,47.27,49.52,44.92,4028034.0,193014192.0
2013-12-03,46.5,47.93,48.87,46.0,2025495.0,96675568.0
2013-12-04,48.38,48.2,48.78,47.6,1313177.0,63439472.0
2013-12-05,48.2,48.1,49.37,48.0,1331410.0,64867140.0
2013-12-06,47.7,45.8,48.58,45.7,2162248.0,100830712.0
2013-12-09,45.79,46.1,46.49,45.47,1421321.0,65482836.0
2013-12-10,46.01,46.28,46.94,46.01,961821.0,44735616.0
2013-12-11,45.9,45.88,46.79,45.58,919461.0,42331432.0
2013-12-12,45.88,44.59,47.15,44.5,2448096.0,112467808.0
2013-12-13,44.5,43.7,44.5,42.99,2631649.0,114631384.0
2013-12-16,43.7,44.2,44.55,43.05,1485878.0,65367348.0
2013-12-17,44.19,43.53,44.69,43.34,1299674.0,57224608.0
2013-12-18,44.0,43.3,44.0,43.0,1061717.0,46141216.0
2013-12-19,43.33,43.22,43.9,43.18,582185.0,25281270.0
2013-12-20,43.22,43.25,43.55,42.88,832895.0,35983616.0
2013-12-23,43.44,40.48,43.44,40.21,2301002.0,95341992.0
2013-12-24,40.49,43.17,43.5,40.49,2572977.0,109205600.0
2013-12-25,43.0,44.12,44.33,42.7,1628817.0,71437096.0
2013-12-26,44.12,44.15,44.72,43.72,1386546.0,61120824.0
2013-12-27,44.5,45.87,46.1,44.5,1583947.0,71962712.0
2013-12-30,46.1,45.33,46.93,45.2,1345889.0,61782368.0
2013-12-31,45.22,45.23,45.79,45.08,798710.0,36177908.0
2014-01-02,45.95,45.37,45.95,44.51,1276439.0,57684584.0
2014-01-03,44.86,46.47,46.5,44.43,2124267.0,97254440.0
2014-01-06,46.32,45.91,47.0,45.56,1699303.0,78402072.0
2014-01-07,45.41,45.91,46.14,45.02,1226753.0,56197064.0
2014-01-08,45.71,48.3,48.47,45.25,3242868.0,151877680.0
2014-01-09,48.11,47.1,50.69,46.6,4342702.0,214353824.0
2014-01-10,46.8,45.68,47.49,45.26,2073033.0,96412840.0
2014-01-13,45.6,45.36,45.9,44.6,1381695.0,62424888.0
2014-01-14,45.3,46.79,46.88,45.3,980380.0,45305572.0
2014-01-15,46.88,47.4,48.38,46.46,1272263.0,60358796.0
2014-01-16,47.9,46.66,48.49,46.35,1148290.0,54568476.0
2014-01-17,46.11,46.3,47.5,45.85,1151887.0,53851440.0
2014-01-20,46.02,46.3,46.99,45.49,1234687.0,57079780.0
2014-01-21,46.25,45.29,46.52,44.79,2244329.0,101953528.0
2014-01-22,46.0,47.09,47.88,45.99,2905333.0,136508208.0
2014-01-23,47.1,49.55,50.3,46.8,4772286.0,234105920.0
2014-01-24,49.0,47.2,49.0,46.3,6839336.0,323026592.0
2014-01-27,47.2,46.09,47.7,42.53,7807961.0,352603968.0
2014-01-28,45.35,43.35,46.2,43.1,6355737.0,280861632.0
2014-01-29,44.28,44.93,45.5,43.6,3705976.0,166369776.0
2014-01-30,44.7,44.34,44.92,43.8,2105183.0,93351528.0
2014-02-07,44.29,45.19,45.6,43.32,2851419.0,127825288.0
2014-02-10,45.19,46.25,46.58,44.7,4768285.0,218139984.0
2014-02-11,46.3,48.48,48.68,46.3,6807831.0,325312864.0
2014-02-12,48.9,49.11,49.26,47.62,3927650.0,190701536.0
2014-02-13,48.9,47.67,49.45,47.41,4335808.0,209015456.0
2014-02-14,47.66,47.7,48.03,46.2,4957195.0,232458752.0
2014-02-17,47.23,50.25,50.38,47.2,5633471.0,277741216.0
2014-02-18,50.68,51.6,52.75,50.01,5672697.0,292239232.0
2014-02-19,51.33,51.56,52.5,50.51,3559880.0,183417776.0
2014-02-20,51.2,51.5,53.19,50.5,4261485.0,221282192.0
2014-02-21,51.9,51.99,54.47,51.3,5647350.0,297722400.0
2014-02-24,52.0,51.29,53.18,50.9,4347476.0,225503024.0
2014-02-25,51.29,47.98,51.5,46.8,9030140.0,443233952.0
2014-02-26,47.8,52.78,52.78,47.0,8512999.0,429279648.0
2014-02-27,52.8,54.03,54.78,52.0,6649054.0,355664672.0
2014-02-28,56.8,53.56,56.86,52.06,7354017.0,399683648.0
2014-03-03,53.3,54.38,55.0,52.8,3170395.0,169864432.0
2014-03-04,54.38,55.33,55.97,53.0,5552412.0,305388096.0
2014-03-05,55.3,53.99,56.0,53.66,3066036.0,166992880.0
2014-03-06,53.3,52.54,53.76,51.9,2683129.0,141105968.0
2014-03-07,52.15,52.73,53.3,51.93,1697220.0,89176768.0
2014-03-10,52.45,50.58,52.45,49.99,2725061.0,139079024.0
2014-03-11,50.12,51.0,51.46,50.12,1559492.0,79373784.0
2014-03-12,51.0,50.7,51.47,49.71,1855119.0,93700856.0
2014-03-13,50.7,51.31,51.6,50.0,1530336.0,77981656.0
2014-03-14,51.09,51.1,52.65,50.3,1466295.0,75174024.0
2014-03-17,50.51,54.16,55.0,50.51,3812037.0,203347136.0
2014-03-18,54.2,54.99,55.87,53.91,3346827.0,183612352.0
2014-03-19,54.9,54.99,55.96,54.38,1885739.0,103833056.0
2014-03-20,55.48,54.2,56.87,54.15,3445678.0,192281984.0
2014-03-21,53.5,53.69,54.43,51.88,3886412.0,205730544.0
2014-03-24,53.2,52.83,56.0,52.65,2683978.0,143011696.0
2014-03-25,52.2,52.93,53.99,52.0,2088352.0,110796032.0
2014-03-26,53.1,52.99,53.54,52.25,1173823.0,62220280.0
2014-03-27,52.99,52.99,52.99,52.99,0.0,0.0
2014-03-28,52.99,52.99,52.99,52.99,0.0,0.0
2014-03-31,52.5,49.8,52.5,49.5,3185110.0,160731312.0
2014-04-01,50.3,50.5,50.77,49.79,1391876.0,70124456.0
2014-04-02,50.58,48.35,50.87,48.1,2172118.0,106894760.0
2014-04-03,48.35,48.4,49.24,48.2,1270589.0,61783256.0
2014-04-04,48.5,48.44,48.5,47.35,2008859.0,96261840.0
2014-04-08,48.2,49.18,49.2,47.85,1808727.0,88289424.0
2014-04-09,49.18,51.0,51.2,49.18,2282961.0,115585624.0
2014-04-10,51.44,51.25,52.52,50.51,2010721.0,103690848.0
2014-04-11,51.0,51.24,52.3,50.51,1269993.0,65082396.0
2014-04-14,51.46,51.05,51.46,50.71,1270068.0,64841184.0
2014-04-15,51.5,49.43,51.9,49.2,2217779.0,112133448.0
2014-04-16,49.48,48.99,50.24,48.44,1855492.0,91396728.0
2014-04-17,48.99,48.31,48.99,47.5,2270654.0,109714720.0
2014-04-18,48.34,49.0,49.25,48.1,1471281.0,71710584.0
2014-04-21,48.74,49.05,49.3,48.41,1542866.0,75467456.0
2014-04-22,49.04,49.1,49.26,48.62,1225765.0,60054560.0
2014-04-23,49.11,48.6,49.17,47.98,1033183.0,50124676.0
2014-04-24,48.5,48.23,48.69,47.67,1720846.0,82969008.0
2014-04-25,47.8,47.1,48.26,46.35,1921112.0,90599176.0
2014-04-28,47.1,45.7,47.4,45.5,1962389.0,90377104.0
2014-04-29,45.72,46.75,46.82,45.5,723595.0,33484182.0
2014-04-30,47.0,48.06,48.58,46.95,1169915.0,56340772.0
2014-05-05,47.97,48.28,48.28,47.68,747324.0,35871516.0
2014-05-06,48.82,49.15,49.6,48.2,1354048.0,66477220.0
2014-05-07,49.85,48.4,49.85,48.15,1231273.0,60252016.0
2014-05-08,48.35,48.5,48.89,48.0,1206986.0,58473092.0
2014-05-09,48.3,47.7,48.5,47.0,636725.0,30259102.0
2014-05-12,48.0,49.09,49.1,47.8,1244576.0,60672484.0
2014-05-13,24.8,23.88,24.83,23.86,2153364.0,52230860.0
2014-05-14,23.95,24.5,24.73,23.54,2155167.0,52467332.0
2014-05-15,24.49,24.15,24.78,24.13,1441282.0,35225724.0
2014-05-16,24.1,23.65,24.14,22.96,2477541.0,57956996.0
2014-05-19,23.6,22.85,23.6,22.58,2074543.0,47559400.0
2014-05-20,22.87,23.64,23.97,22.87,3714382.0,87061736.0
2014-05-21,23.84,25.22,25.5,23.52,10197829.0,251933120.0
2014-05-22,25.2,24.99,25.58,24.78,8288130.0,207704880.0
2014-05-23,24.96,27.49,27.49,24.9,11764322.0,315044192.0
2014-05-26,29.24,29.52,30.24,28.4,32259816.0,948144256.0
2014-05-27,29.3,30.9,31.79,29.05,30371964.0,912717120.0
2014-05-28,31.5,33.99,33.99,30.91,22547988.0,744293376.0
2014-05-29,36.58,36.11,37.3,34.35,62328264.0,2236092672.0
2014-05-30,35.34,36.73,37.99,34.65,58396128.0,2122246656.0
2014-06-03,35.65,33.9,36.11,33.77,39637360.0,1387351296.0
2014-06-04,34.3,35.19,36.2,34.1,43076704.0,1511588992.0
2014-06-05,33.79,34.53,34.79,33.3,24574740.0,836493568.0
2014-06-06,34.81,34.0,35.2,33.71,25593322.0,880345984.0
2014-06-09,33.21,33.25,33.88,32.82,21840724.0,725618496.0
2014-06-10,33.3,35.34,36.13,33.26,48818344.0,1696787328.0
2014-06-11,34.98,33.9,35.49,33.52,37772628.0,1299417728.0
2014-06-12,33.69,34.95,35.8,33.13,32479006.0,1123421056.0
2014-06-13,34.59,37.71,38.45,33.61,47212756.0,1713439744.0
2014-06-16,37.2,38.19,39.7,37.06,45928308.0,1761616768.0
2014-06-17,38.2,37.39,38.8,36.98,36582008.0,1383186816.0
2014-06-18,37.08,36.5,37.89,35.83,30849240.0,1132433536.0
2014-06-19,36.1,33.95,36.66,33.37,26770724.0,934388224.0
2014-06-20,33.55,34.46,34.96,33.2,18693484.0,637594688.0
2014-06-23,34.26,34.58,35.6,34.1,15518140.0,543116480.0
2014-06-24,34.1,35.93,36.46,34.1,25219864.0,899587968.0
2014-06-25,35.7,34.7,36.3,34.52,15814185.0,556787200.0
2014-06-26,34.22,35.12,35.99,34.22,20534540.0,724220096.0
2014-06-27,34.84,34.2,35.06,34.2,17980288.0,621523200.0
2014-06-30,34.0,35.18,35.41,33.55,18492924.0,640934784.0
2014-07-01,34.92,35.41,36.2,34.55,19364790.0,688526208.0
2014-07-02,35.15,34.87,36.0,34.68,14134121.0,498032000.0
2014-07-03,34.82,34.21,34.82,33.86,14063536.0,481044992.0
2014-07-04,34.16,35.9,37.63,33.92,29098504.0,1047123968.0
2014-07-07,35.5,36.76,36.78,35.29,24743038.0,895169792.0
2014-07-08,36.6,39.7,40.39,36.45,50029008.0,1957811328.0
2014-07-09,39.0,39.6,40.26,38.01,34592736.0,1353970560.0
2014-07-10,39.21,38.34,41.48,38.18,35352276.0,1406141184.0
2014-07-11,37.53,37.77,38.43,36.8,25168650.0,942671040.0
2014-07-14,37.8,39.37,39.76,37.31,22699864.0,875657024.0
2014-07-15,38.8,37.67,38.9,37.41,22399006.0,850732224.0
2014-07-16,37.0,36.69,37.98,36.3,17307188.0,640254528.0
2014-07-17,36.48,34.15,36.5,34.0,25071564.0,874983680.0
2014-07-18,34.09,34.22,35.1,33.66,10044930.0,345846880.0
2014-07-21,34.24,34.49,34.86,34.23,6478850.0,223844240.0
2014-07-22,34.49,35.08,35.44,34.28,10113166.0,352289760.0
2014-07-23,35.33,34.16,35.35,33.68,12396799.0,427272640.0
2014-07-24,33.99,34.1,34.98,32.4,15780553.0,530625824.0
2014-07-25,33.9,36.14,36.9,33.69,23097720.0,819484800.0
2014-07-28,37.1,36.72,37.5,36.13,21777822.0,802396992.0
2014-07-29,36.98,36.6,38.55,36.52,24181292.0,902391744.0
2014-07-30,36.9,38.91,39.37,36.59,35663152.0,1351485568.0
2014-07-31,38.38,37.73,38.55,37.6,20850252.0,791209472.0
2014-08-01,37.4,36.59,38.09,36.38,19970088.0,743026176.0
2014-08-04,36.75,37.16,37.32,36.5,11823804.0,436708704.0
2014-08-05,37.0,37.0,37.35,36.51,10468853.0,387264096.0
2014-08-06,36.97,36.8,37.21,36.5,9548587.0,351973376.0
2014-08-07,36.8,36.85,37.89,36.76,12469040.0,464694848.0
2014-08-08,37.03,37.72,38.0,37.03,17284290.0,648789632.0
2014-08-11,37.5,37.57,37.96,37.22,11910148.0,447039296.0
2014-08-12,37.57,37.75,38.48,37.56,16191581.0,615163392.0
2014-08-13,37.87,36.8,37.87,36.31,13027721.0,480855712.0
2014-08-14,36.6,36.98,37.7,36.52,9305277.0,345964416.0
2014-08-15,36.97,37.84,38.57,36.56,22250230.0,841811328.0
2014-08-18,37.9,38.0,38.3,37.77,13813155.0,525012832.0
2014-08-19,38.2,39.01,40.36,38.19,34207432.0,1345936128.0
2014-08-20,39.13,37.97,39.13,37.8,17862360.0,680169024.0
2014-08-21,37.76,38.23,38.29,37.5,11164303.0,422637184.0
2014-08-22,38.2,38.0,38.5,37.58,10665421.0,405607104.0
2014-08-25,38.28,39.05,40.88,37.91,30657682.0,1211810560.0
2014-08-26,38.93,38.06,39.28,38.01,16994846.0,652451328.0
2014-08-27,39.17,40.1,40.66,38.78,32922326.0,1314114304.0
2014-08-28,39.78,39.79,41.27,39.6,20885016.0,841653056.0
2014-08-29,39.9,40.38,40.68,39.1,15322885.0,613053952.0
2014-09-01,40.61,43.1,44.3,40.05,31165310.0,1323940608.0
2014-09-02,43.12,43.6,44.46,42.6,28349720.0,1234873984.0
2014-09-03,43.6,42.99,43.8,42.63,20287982.0,874664064.0
2014-09-04,43.0,42.95,43.58,42.75,16563704.0,714322624.0
2014-09-05,43.2,42.06,43.2,41.75,18046654.0,761779648.0
2014-09-09,42.12,42.2,42.61,41.8,9750080.0,411578432.0
2014-09-10,42.3,42.08,42.8,41.9,11135231.0,471437280.0
2014-09-11,42.08,42.26,42.58,41.7,11206533.0,472913216.0
2014-09-12,42.2,41.79,42.22,41.3,10156511.0,424005856.0
2014-09-15,41.68,41.45,41.7,41.11,8915979.0,368854016.0
2014-09-16,41.53,39.93,42.36,39.9,12754547.0,526166688.0
2014-09-17,39.93,40.23,40.36,38.51,13795462.0,542294016.0
2014-09-18,40.0,39.59,40.46,39.5,7012482.0,280142016.0
2014-09-19,39.62,40.24,40.41,39.62,7302663.0,293056704.0
2014-09-22,40.14,39.99,40.47,39.36,6543625.0,260935536.0
2014-09-23,39.71,40.2,40.44,39.71,6275906.0,251655008.0
2014-09-24,40.01,40.35,40.47,39.8,8499316.0,341675872.0
2014-09-25,40.35,40.57,41.25,40.16,10187722.0,416000736.0
2014-09-26,40.57,39.8,40.57,39.5,9098303.0,363775616.0
2014-09-29,40.11,40.0,40.5,39.8,5957404.0,238724768.0
2014-09-30,40.0,40.63,40.99,39.83,10419557.0,422543200.0
2014-10-08,41.19,42.14,42.95,41.04,16250847.0,684016576.0
2014-10-09,42.18,41.18,42.2,40.74,11975355.0,495252256.0
2014-10-10,41.25,40.4,41.26,40.2,8061822.0,328001600.0
2014-10-13,40.38,39.69,40.39,39.02,7568603.0,299282208.0
2014-10-14,40.01,40.2,40.86,39.75,7524409.0,303937952.0
2014-10-15,40.0,40.18,40.6,39.7,4743957.0,190114544.0
2014-10-16,39.97,39.93,40.58,39.61,6287779.0,252530464.0
2014-10-17,39.95,40.05,40.5,39.4,6012824.0,240666160.0
2014-10-20,40.18,41.02,41.35,40.18,8803892.0,361079552.0
2014-10-21,41.03,40.52,41.56,40.52,6169166.0,252784848.0
2014-10-22,40.64,41.45,41.97,40.64,13388392.0,554944832.0
2014-10-23,41.35,39.88,41.68,39.86,9186305.0,372616128.0
2014-10-24,39.92,39.64,40.24,39.53,4708111.0,187926288.0
2014-10-27,39.63,38.93,39.93,38.8,5833674.0,228039568.0
2014-10-28,39.33,39.95,39.98,39.0,6243047.0,246305696.0
2014-10-29,40.15,40.33,41.48,39.81,10199777.0,415564256.0
2014-10-30,40.34,39.82,40.65,39.7,6183503.0,248032576.0
2014-10-31,40.01,39.23,40.34,38.96,7694831.0,303905664.0
2014-11-03,39.3,39.91,40.56,39.3,6615061.0,264564976.0
2014-11-04,39.7,39.45,39.87,39.16,4010080.0,158128352.0
2014-11-05,39.36,39.9,40.16,39.1,5000513.0,198696944.0
2014-11-06,40.5,40.29,41.1,40.2,7563623.0,306748480.0
2014-11-07,40.04,40.35,41.26,40.03,10373468.0,422063456.0
2014-11-10,40.5,40.53,41.02,40.11,6187262.0,251640976.0
2014-11-11,40.53,38.0,40.76,37.8,12632653.0,494201696.0
2014-11-12,38.02,38.98,39.27,38.02,6620139.0,257969824.0
2014-11-13,38.98,38.41,39.17,37.5,9478734.0,361695072.0
2014-11-14,38.3,38.72,39.24,37.81,5932066.0,229703040.0
2014-11-17,38.85,37.2,38.85,35.4,10103857.0,376005536.0
2014-11-18,37.23,36.73,37.43,36.61,5159120.0,190076528.0
2014-11-19,36.7,37.49,38.17,36.7,7348609.0,275037376.0
2014-11-20,37.3,36.75,37.45,36.65,5369700.0,198182816.0
2014-11-21,36.87,37.11,37.25,36.68,5272672.0,194836256.0
2014-11-24,37.65,38.3,38.35,37.11,9799373.0,369008960.0
2014-11-25,38.3,39.15,39.19,37.8,9418802.0,363038976.0
2014-11-26,39.2,39.18,39.45,38.43,7847207.0,305945248.0
2014-11-27,39.1,39.43,39.65,38.79,7268862.0,285077280.0
2014-11-28,39.38,39.82,40.0,38.78,9364374.0,369979072.0
2014-12-01,39.83,38.85,39.92,38.75,6527246.0,256862752.0
2014-12-02,38.88,39.9,41.22,38.38,15630577.0,623032384.0
2014-12-03,39.97,39.57,40.15,38.78,9975169.0,391763040.0
2014-12-04,39.52,39.72,40.6,39.1,11550948.0,458849120.0
2014-12-05,39.72,38.46,39.88,37.51,10315370.0,399111104.0
2014-12-08,37.98,37.93,38.7,37.68,8812378.0,335945344.0
2014-12-09,37.92,36.3,37.92,36.25,11491752.0,425034688.0
2014-12-10,36.25,37.71,37.84,36.25,6727481.0,250367232.0
2014-12-11,37.77,38.31,38.8,37.29,7014696.0,268054672.0
2014-12-12,38.01,38.42,38.64,38.0,6495557.0,248608576.0
2014-12-15,38.12,39.46,39.56,38.12,11685230.0,456682848.0
2014-12-16,39.46,39.43,39.71,38.77,6777705.0,265255136.0
2014-12-17,39.3,38.95,39.3,38.45,5859239.0,227535616.0
2014-12-18,38.99,39.54,39.97,38.95,9913315.0,393373792.0
2014-12-19,39.49,41.18,41.67,39.31,18238222.0,746845760.0
2014-12-22,41.18,41.18,41.18,41.18,0.0,0.0
2014-12-23,41.18,41.18,41.18,41.18,0.0,0.0
2014-12-24,41.18,41.18,41.18,41.18,0.0,0.0
2014-12-25,41.18,41.18,41.18,41.18,0.0,0.0
2014-12-26,41.18,41.18,41.18,41.18,0.0,0.0
2014-12-29,41.18,41.18,41.18,41.18,0.0,0.0
2014-12-30,41.18,41.18,41.18,41.18,0.0,0.0
2014-12-31,41.18,41.18,41.18,41.18,0.0,0.0
2015-01-05,41.18,41.18,41.18,41.18,0.0,0.0
2015-01-06,41.18,41.18,41.18,41.18,0.0,0.0
2015-01-07,41.18,41.18,41.18,41.18,0.0,0.0
2015-01-08,41.18,41.18,41.18,41.18,0.0,0.0
2015-01-09,41.18,41.18,41.18,41.18,0.0,0.0
2015-01-12,41.18,41.18,41.18,41.18,0.0,0.0
2015-01-13,41.18,41.18,41.18,41.18,0.0,0.0
2015-01-14,41.18,41.18,41.18,41.18,0.0,0.0
2015-01-15,41.18,41.18,41.18,41.18,0.0,0.0
2015-01-16,41.18,41.18,41.18,41.18,0.0,0.0
2015-01-19,45.3,45.3,45.3,45.3,1030469.0,46680244.0
2015-01-20,45.3,45.3,45.3,45.3,0.0,0.0
2015-01-21,45.3,45.3,45.3,45.3,0.0,0.0
2015-01-22,45.3,45.3,45.3,45.3,0.0,0.0
2015-01-23,45.3,45.3,45.3,45.3,0.0,0.0
2015-01-26,45.3,45.3,45.3,45.3,0.0,0.0
2015-01-27,45.3,45.3,45.3,45.3,0.0,0.0
2015-01-28,45.3,45.3,45.3,45.3,0.0,0.0
2015-01-29,45.3,45.3,45.3,45.3,0.0,0.0
2015-01-30,45.3,45.3,45.3,45.3,0.0,0.0
2015-02-02,45.3,45.3,45.3,45.3,0.0,0.0
2015-02-03,45.3,45.3,45.3,45.3,0.0,0.0
2015-02-04,45.3,45.3,45.3,45.3,0.0,0.0
2015-02-05,45.3,45.3,45.3,45.3,0.0,0.0
2015-02-06,49.83,49.83,49.83,47.5,19850020.0,986394496.0
2015-02-09,49.5,48.22,50.29,46.95,26353492.0,1276525312.0
2015-02-10,47.4,47.99,48.47,46.71,13582318.0,645115712.0
2015-02-11,47.7,51.54,52.65,47.7,21219912.0,1081902720.0
2015-02-12,51.5,51.59,53.47,50.51,17078388.0,892464256.0
2015-02-13,51.62,51.6,52.54,50.7,14058168.0,723163328.0
2015-02-16,51.61,51.96,52.99,50.9,11312750.0,589072640.0
2015-02-17,52.68,51.81,52.8,51.01,9055809.0,468970848.0
2015-02-25,52.3,50.99,52.8,50.96,8852384.0,456213504.0
2015-02-26,51.0,49.8,51.79,49.12,11761821.0,588991680.0
2015-02-27,49.82,50.0,50.3,49.21,8725635.0,434610592.0
2015-03-02,51.0,52.49,52.88,49.73,18907606.0,974247872.0
2015-03-03,51.99,52.94,55.29,51.26,20865180.0,1116305536.0
2015-03-04,53.0,53.1,55.5,52.38,15053605.0,810484736.0
2015-03-05,53.45,52.15,53.5,51.78,9410302.0,492715008.0
2015-03-06,52.01,49.9,52.4,49.84,9751713.0,494359936.0
2015-03-09,49.98,50.4,50.79,49.33,7225303.0,363243168.0
2015-03-10,50.41,49.95,50.77,49.79,7820879.0,390991776.0
2015-03-11,50.01,49.29,50.1,49.1,6224754.0,308165408.0
2015-03-12,49.28,50.24,51.27,49.11,7613213.0,383478816.0
2015-03-13,50.3,52.34,52.45,49.9,9356798.0,481957824.0
2015-03-16,52.99,52.84,53.5,51.7,12404257.0,653691200.0
2015-03-17,52.2,51.84,52.47,51.55,14148931.0,734557312.0
2015-03-18,51.5,52.55,52.75,50.11,22028188.0,1129559936.0
2015-03-19,52.55,52.55,52.55,52.55,0.0,0.0
2015-03-20,55.25,57.81,57.81,54.95,36175892.0,2067834368.0
2015-03-23,58.29,59.6,59.98,57.4,39460280.0,2321835776.0
2015-03-24,60.0,58.9,60.22,56.6,29028348.0,1703544576.0
2015-03-25,59.39,61.03,62.76,57.9,31859700.0,1930832640.0
2015-03-26,59.92,57.0,60.9,56.88,25577736.0,1502701440.0
2015-03-27,57.51,57.71,58.7,56.77,13221499.0,762895104.0
2015-03-30,58.0,57.7,58.5,57.1,13193130.0,763242112.0
2015-03-31,58.11,58.65,59.18,57.0,16485277.0,958377216.0
2015-04-01,58.5,60.04,60.49,58.31,18536014.0,1107149056.0
2015-04-02,60.88,60.65,62.62,60.4,19291232.0,1183033088.0
2015-04-03,60.81,61.98,62.5,60.11,17253024.0,1057689024.0
2015-04-07,62.99,63.98,64.38,62.5,16344319.0,1039534976.0
2015-04-08,64.52,64.02,64.99,62.05,17468964.0,1113564416.0
2015-04-09,63.7,62.63,63.7,60.5,16743666.0,1038479424.0
2015-04-10,62.59,63.76,64.38,62.18,14449007.0,915643072.0
2015-04-13,63.8,63.88,64.97,62.8,16414926.0,1046328192.0
2015-04-14,64.0,61.37,64.0,61.3,17185992.0,1069089728.0
2015-04-15,60.98,58.58,60.98,58.58,14182508.0,844025664.0
2015-04-16,57.81,59.08,59.7,57.18,9832001.0,577665664.0
2015-04-17,60.7,61.03,61.95,59.25,16477107.0,1001087040.0
2015-04-20,60.5,58.6,60.59,58.5,13675138.0,814465664.0
2015-04-21,58.61,63.41,63.73,58.61,18452232.0,1143806464.0
2015-04-22,64.1,64.06,65.28,63.0,15280190.0,978874240.0
2015-04-23,64.61,64.9,64.92,63.26,14093511.0,903396928.0
2015-04-24,64.71,71.39,71.39,64.2,36494920.0,2546542080.0
2015-04-27,36.4,34.7,36.79,33.8,69196176.0,2435586048.0
2015-04-28,34.0,32.89,34.6,32.63,42048252.0,1401643904.0
2015-04-29,32.49,35.0,36.1,32.32,41223116.0,1426026624.0
2015-04-30,35.03,35.99,36.88,34.3,47937292.0,1716586112.0
2015-05-04,36.25,36.63,38.0,36.25,44221712.0,1645887104.0
2015-05-05,36.12,34.3,36.15,33.0,35369712.0,1240167296.0
2015-05-06,34.1,34.49,35.97,34.0,29931110.0,1050707712.0
2015-05-07,34.49,33.63,34.5,33.09,19986962.0,674806336.0
2015-05-08,34.69,36.99,36.99,34.69,59771560.0,2160711168.0
2015-05-11,37.8,39.15,39.89,36.3,64351296.0,2466287616.0
2015-05-12,39.15,39.03,39.9,38.0,45512068.0,1769554816.0
2015-05-13,38.5,40.78,42.28,38.0,51083980.0,2069421824.0
2015-05-14,41.5,41.16,42.22,40.14,33343180.0,1373052416.0
2015-05-15,40.58,39.7,40.6,39.19,31602904.0,1256773120.0
2015-05-18,39.56,40.75,41.0,39.0,27527280.0,1110700032.0
2015-05-19,40.9,41.0,41.85,39.71,31388556.0,1276455168.0
2015-05-20,41.3,41.85,43.99,41.3,41078056.0,1755649920.0
2015-05-21,42.7,45.3,45.83,41.8,44800436.0,1953789440.0
2015-05-22,46.22,44.34,46.59,43.5,43421616.0,1941795328.0
2015-05-25,44.0,44.25,44.5,42.78,32535636.0,1422851200.0
2015-05-26,44.98,45.65,45.98,44.4,35502988.0,1610634496.0
2015-05-27,46.88,49.0,49.3,45.4,58031600.0,2751449856.0
2015-05-28,48.6,44.1,49.59,44.1,52065584.0,2454974464.0
2015-05-29,43.1,44.1,45.68,39.98,46350952.0,2021962240.0
2015-06-01,44.7,46.02,46.47,44.05,33518296.0,1525049472.0
2015-06-02,46.04,47.75,47.86,45.4,39884320.0,1855172352.0
2015-06-03,47.93,46.12,48.16,45.4,34764672.0,1617021312.0
2015-06-04,46.14,44.38,46.79,41.8,34499184.0,1522424320.0
2015-06-05,44.8,44.41,46.08,43.87,28679872.0,1286802944.0
2015-06-08,44.79,42.61,44.79,41.77,30247800.0,1294904192.0
2015-06-09,43.0,43.25,43.98,42.6,20619496.0,893762944.0
2015-06-10,43.85,45.2,46.0,43.19,35174240.0,1584252672.0
2015-06-11,45.25,44.36,45.42,44.0,21267904.0,945605120.0
2015-06-12,44.21,44.76,44.99,43.71,25125688.0,1115875712.0
2015-06-15,44.8,42.54,44.96,42.31,27596360.0,1194615552.0
2015-06-16,41.8,39.66,41.8,39.2,27069752.0,1094302720.0
2015-06-17,39.5,40.95,41.16,39.19,18073216.0,725952192.0
2015-06-18,41.0,38.2,41.23,37.9,21968886.0,866856704.0
2015-06-19,37.36,34.38,37.5,34.38,25207336.0,898387200.0
2015-06-23,34.07,34.9,35.34,31.06,22249788.0,754739968.0
2015-06-24,36.0,36.08,36.89,35.15,25094396.0,906287680.0
2015-06-25,36.8,34.13,36.95,33.33,22938774.0,818984960.0
2015-06-26,32.99,30.72,33.0,30.72,25556680.0,802634816.0
2015-06-29,31.31,27.65,32.0,27.65,29407636.0,842390912.0
2015-06-30,26.0,29.55,30.15,24.89,41146616.0,1108838400.0
2015-07-01,28.9,27.93,31.38,27.0,35223204.0,1053050880.0
2015-07-02,29.1,26.3,29.1,25.58,36237336.0,1006531392.0
2015-07-03,24.43,23.79,27.7,23.67,38794120.0,964664384.0
2015-07-06,26.17,22.0,26.17,21.41,50119268.0,1180635776.0
2015-07-07,20.59,19.8,21.5,19.8,22340924.0,450168736.0
2015-07-08,19.8,19.8,19.8,19.8,0.0,0.0
2015-07-09,19.8,19.8,19.8,19.8,0.0,0.0
2015-07-10,19.8,19.8,19.8,19.8,0.0,0.0
2015-07-13,21.78,21.78,21.78,21.78,1483559.0,32311916.0
2015-07-14,23.96,23.96,23.96,23.96,1185090.0,28394756.0
2015-07-15,26.36,24.6,26.36,24.07,98722464.0,2530593792.0
2015-07-16,23.05,26.03,26.43,22.3,59306200.0,1484467200.0
2015-07-17,26.35,28.63,28.63,26.05,55284160.0,1534831104.0
2015-07-20,29.05,30.1,30.95,28.88,62060632.0,1854232448.0
2015-07-21,29.07,29.92,30.87,28.88,43763328.0,1310702592.0
2015-07-22,29.96,30.43,31.25,29.51,43461248.0,1320186112.0
2015-07-23,30.47,31.76,32.47,30.0,45185592.0,1400987008.0
2015-07-24,31.88,31.25,33.38,30.5,51499256.0,1665255296.0
2015-07-27,30.64,28.13,32.86,28.13,61740684.0,1916949760.0
2015-07-28,26.1,28.12,29.7,25.77,55916408.0,1539361920.0
2015-07-29,28.8,30.06,30.06,26.8,44108464.0,1249477760.0
2015-07-30,29.7,30.0,32.28,29.29,57187060.0,1764286208.0
2015-07-31,29.1,28.38,29.92,27.5,35012528.0,1016660032.0
2015-08-03,27.89,25.54,27.89,25.54,37852672.0,998704960.0
2015-08-04,25.9,28.09,28.09,25.52,37170912.0,998051840.0
2015-08-05,28.03,27.98,29.0,27.33,38999656.0,1101497344.0
2015-08-06,27.0,29.03,30.0,26.67,41113052.0,1182129920.0
2015-08-07,29.13,30.8,30.88,29.13,48843096.0,1474144128.0
2015-08-10,31.29,32.14,32.53,30.51,49958408.0,1577963008.0
2015-08-11,31.8,31.3,32.4,31.0,44078400.0,1393307904.0
2015-08-12,30.86,30.1,31.81,30.0,29546760.0,915453440.0
2015-08-13,29.83,31.28,31.28,29.05,34749796.0,1051182464.0
2015-08-14,31.51,32.65,33.44,31.28,53661064.0,1750893696.0
2015-08-17,32.5,33.94,34.32,32.21,51303244.0,1715531776.0
2015-08-18,33.6,30.55,34.5,30.55,47457464.0,1548177280.0
2015-08-19,29.5,32.5,32.58,28.0,42705836.0,1302094976.0
2015-08-20,32.0,31.87,34.4,31.21,60374312.0,1989632256.0
2015-08-21,30.8,28.68,31.45,28.68,52121128.0,1550115712.0
2015-08-24,26.12,25.81,28.0,25.81,24908178.0,647589504.0
2015-08-25,23.23,23.23,24.04,23.23,28444980.0,662730368.0
2015-08-26,23.0,20.91,23.78,20.91,58797252.0,1290237696.0
2015-08-27,21.8,21.38,21.91,19.2,47116020.0,981397888.0
2015-08-28,22.46,23.52,23.52,21.6,49835884.0,1119781760.0
2015-08-31,23.18,21.75,23.35,21.68,39392840.0,891222144.0
2015-09-01,21.15,19.58,21.5,19.58,38549732.0,770703360.0
2015-09-02,17.63,17.62,20.1,17.62,47746352.0,872351488.0
2015-09-07,18.2,18.7,19.38,18.2,42409572.0,798791168.0
2015-09-08,18.24,20.35,20.35,18.1,34940272.0,670794048.0
2015-09-09,20.39,22.39,22.39,20.35,53197188.0,1148423296.0
2015-09-10,21.9,22.0,22.76,21.7,43333136.0,965480512.0
2015-09-11,23.04,24.2,24.2,23.04,17731516.0,426446880.0
2015-09-14,26.5,22.2,26.5,21.9,88894848.0,2181285376.0
2015-09-15,20.95,22.16,23.31,20.78,63770872.0,1421336960.0
2015-09-16,22.5,24.38,24.38,22.05,72915248.0,1722222208.0
2015-09-17,25.01,26.2,26.82,24.57,88288304.0,2314868480.0
2015-09-18,26.85,26.22,26.88,24.9,79717648.0,2070233088.0
2015-09-21,25.33,27.24,27.24,25.2,76108928.0,1990248064.0
2015-09-22,26.98,26.25,27.17,25.8,61558464.0,1633696640.0
2015-09-23,26.5,27.74,28.78,26.31,79303432.0,2203624192.0
2015-09-24,27.2,27.19,28.19,26.6,72636816.0,1977650816.0
2015-09-25,27.0,24.74,27.0,24.47,65225860.0,1674880128.0
2015-09-28,24.99,26.62,26.84,24.91,51308892.0,1329584512.0
2015-09-29,25.62,25.14,26.15,24.77,39211120.0,999892864.0
2015-09-30,25.51,25.25,25.69,24.82,25098872.0,635522496.0
2015-10-08,26.56,26.98,27.5,26.07,47275276.0,1267009664.0
2015-10-09,26.98,27.28,27.68,26.71,44114320.0,1200173056.0
2015-10-12,27.63,28.38,29.29,27.3,54402644.0,1540287872.0
2015-10-13,28.7,28.74,29.8,28.3,52810984.0,1533169408.0
2015-10-14,28.4,27.63,28.44,27.34,49008620.0,1365811840.0
2015-10-15,27.69,29.06,29.18,27.69,50972416.0,1458323712.0
2015-10-16,29.34,28.89,29.38,28.01,50751968.0,1456342272.0
2015-10-19,28.5,28.1,28.77,27.7,41756576.0,1174356864.0
2015-10-20,28.1,29.26,29.58,28.1,54778832.0,1585037696.0
2015-10-21,28.92,26.33,29.15,26.33,59130144.0,1636201344.0
2015-10-22,26.09,27.12,27.35,26.0,33897624.0,906367552.0
2015-10-23,27.38,27.95,28.0,26.58,42225248.0,1153949312.0
2015-10-26,28.55,30.65,30.75,27.89,96502736.0,2874882048.0
2015-10-27,29.65,30.2,30.53,28.5,64913012.0,1921171328.0
2015-10-28,29.77,29.13,30.45,28.71,40840208.0,1211043712.0
2015-10-29,29.67,29.33,30.28,28.82,39392616.0,1164150912.0
2015-10-30,29.75,29.87,30.8,28.83,56319116.0,1686099968.0
2015-11-02,28.88,29.3,31.2,28.6,52384184.0,1578034688.0
2015-11-03,29.43,29.8,30.4,29.07,41248136.0,1230229120.0
2015-11-04,30.47,31.65,31.99,30.13,69188032.0,2144979072.0
2015-11-05,31.35,30.92,31.59,30.45,58232520.0,1807373440.0
2015-11-06,31.3,31.32,32.3,31.0,50286484.0,1589975168.0
2015-11-09,30.76,31.63,32.29,30.0,55157072.0,1724144000.0
2015-11-10,31.3,31.3,32.5,31.0,42392068.0,1344800896.0
2015-11-11,30.98,32.5,32.5,30.81,47855904.0,1521196544.0
2015-11-12,32.95,33.0,33.87,32.28,61578172.0,2038780416.0
2015-11-13,32.33,31.56,32.9,31.0,39463272.0,1263422080.0
2015-11-16,30.8,31.96,32.1,30.58,27666530.0,871953280.0
2015-11-17,32.34,31.1,32.78,31.01,34862000.0,1110319232.0
2015-11-18,31.18,30.22,31.7,30.0,22863104.0,707776000.0
2015-11-19,30.65,31.12,31.2,30.21,22179856.0,681602624.0
2015-11-20,31.14,31.77,32.22,30.82,34495208.0,1089451904.0
2015-11-23,31.75,30.45,31.87,30.33,28965932.0,899736704.0
2015-11-24,30.21,30.98,31.45,30.01,19793342.0,607618624.0
2015-11-25,30.73,31.55,31.6,30.7,25557304.0,798095936.0
2015-11-26,31.86,30.73,31.93,30.68,27985120.0,877833664.0
2015-11-27,30.45,28.43,30.7,27.91,32827008.0,968267136.0
2015-11-30,28.63,28.08,28.86,26.6,27092690.0,753901952.0
2015-12-01,27.77,28.12,28.56,27.64,17268346.0,485613024.0
2015-12-02,28.17,27.91,28.28,26.81,15477371.0,428965824.0
2015-12-03,28.12,28.87,28.96,28.0,16418858.0,469508160.0
2015-12-04,28.89,28.66,29.31,28.59,17778964.0,514680448.0
2015-12-07,28.9,29.54,30.18,28.5,25002276.0,737928960.0
2015-12-08,29.04,28.88,29.53,28.51,19419720.0,562793536.0
2015-12-09,28.91,29.83,30.31,28.61,33380012.0,997171008.0
2015-12-10,30.15,31.27,31.8,29.91,52682932.0,1635353984.0
2015-12-11,30.8,29.88,31.1,29.77,29795600.0,902230976.0
2015-12-14,29.8,30.3,30.3,29.42,18183722.0,543139008.0
2015-12-15,30.45,30.88,31.69,30.32,33010348.0,1027485184.0
2015-12-16,31.05,30.06,31.26,29.95,26088472.0,792341568.0
2015-12-17,30.47,30.74,30.94,30.17,25668958.0,785260224.0
2015-12-18,30.88,29.89,30.88,29.79,24273392.0,731984384.0
2015-12-21,30.1,30.38,31.2,29.89,21656704.0,661956032.0
2015-12-22,30.1,33.42,33.42,30.0,60165080.0,1927086848.0
2015-12-23,34.45,35.5,36.76,33.61,106356888.0,3724307456.0
2015-12-24,35.04,35.0,36.6,33.91,61800488.0,2168119040.0
2015-12-25,34.7,33.85,35.28,33.5,44611324.0,1530789632.0
2015-12-28,33.85,33.45,35.03,33.42,45457396.0,1554409472.0
2015-12-29,33.54,32.95,33.83,31.75,34518036.0,1123901440.0
2015-12-30,32.85,33.13,33.79,32.8,30201342.0,1006124096.0
2015-12-31,33.14,31.71,33.15,31.5,28496204.0,915458688.0
2016-01-04,31.71,28.54,32.1,28.54,23660164.0,705745984.0
2016-01-05,26.3,26.93,28.47,25.8,36453548.0,988991232.0
2016-01-06,27.25,27.75,28.2,27.01,27456908.0,762109568.0
2016-01-07,27.0,24.98,27.07,24.98,8205856.0,210521536.0
2016-01-08,25.6,25.3,26.17,23.15,27042964.0,680580480.0
2016-01-11,25.23,24.6,27.21,24.0,41846056.0,1078031744.0
2016-01-12,25.0,25.75,26.16,24.21,30564060.0,774214656.0
2016-01-13,26.07,24.15,26.3,23.75,28334012.0,712235968.0
2016-01-14,23.0,25.41,25.6,22.5,26924490.0,655283648.0
2016-01-15,24.7,23.75,25.36,23.5,23778224.0,580502912.0
2016-01-18,23.15,24.13,24.65,23.08,19676690.0,474803232.0
2016-01-19,24.14,25.19,25.46,24.03,23338598.0,577606336.0
2016-01-20,24.94,24.43,25.18,24.31,23343004.0,577755264.0
2016-01-21,24.03,23.02,24.78,23.02,19287708.0,463121504.0
2016-01-22,23.48,23.17,23.66,22.38,16552731.0,381097216.0
2016-01-25,23.45,23.35,23.71,23.08,13025427.0,305037952.0
2016-01-26,23.19,21.02,23.27,21.02,22641910.0,498817728.0
2016-01-27,21.55,20.7,21.57,19.38,21261180.0,433513248.0
2016-01-28,20.18,19.82,21.18,19.67,19656916.0,401171072.0
2016-01-29,20.0,20.83,21.2,19.81,17065110.0,350497051.16
2016-02-01,20.68,20.66,21.29,20.2,14992484.0,312874003.22
2016-02-02,20.8,21.78,22.1,20.75,18628544.0,403161896.25
2016-02-03,21.42,21.62,21.75,21.0,15205507.0,324540310.93
2016-02-04,21.66,22.09,22.58,21.66,18310155.0,405576979.22
2016-02-05,22.1,21.79,22.25,21.75,13004010.0,285844352.76
2016-02-15,20.57,21.32,21.56,20.51,11329107.0,238602809.39
2016-02-16,21.65,22.8,22.87,21.65,23347297.0,524910155.35
2016-02-17,22.75,22.94,23.13,22.4,22321822.0,508994219.37
2016-02-18,23.15,22.57,23.3,22.53,16450724.0,374649544.69
2016-02-19,22.41,22.96,23.24,22.4,19345006.0,442960109.94
2016-02-22,23.32,23.37,23.53,22.9,20898779.0,485107828.02
2016-02-23,23.36,22.98,23.58,22.61,16833345.0,389566102.92
2016-02-24,22.77,22.9,23.18,22.32,15081926.0,343048325.72
2016-02-25,22.9,20.85,23.23,20.61,28847512.0,637834988.91
2016-02-26,21.2,20.95,21.5,20.35,15193330.0,319727038.85
2016-02-29,21.19,19.4,21.19,18.99,20897758.0,410755607.5
2016-03-01,19.4,19.8,20.08,18.61,20267679.0,393487018.63
2016-03-02,19.68,20.66,20.87,19.58,20903077.0,422983832.78
2016-03-03,20.68,21.23,22.26,20.51,29697646.0,638950072.81
2016-03-04,20.8,20.27,21.0,20.01,22135430.0,454612453.65
2016-03-07,20.8,20.7,21.3,20.51,11892216.0,248313636.03
2016-03-08,20.63,20.77,20.83,19.51,13350514.0,270183181.5
2016-03-09,20.09,20.36,20.9,20.05,10720853.0,220374218.17
2016-03-10,20.58,19.95,20.67,19.87,10014877.0,202432988.71
2016-03-11,19.95,20.09,20.37,19.78,8562091.0,172327894.8
2016-03-14,20.6,21.2,21.58,20.32,24680692.0,523080741.68
2016-03-15,21.19,20.8,21.21,20.65,14127730.0,295746396.59
2016-03-16,21.11,20.35,21.24,20.25,13439867.0,277639824.56
2016-03-17,20.44,21.43,21.47,20.4,25390931.0,536009208.06
2016-03-18,21.62,22.46,22.96,21.45,34197645.0,763260655.96
2016-03-21,22.85,22.81,22.92,22.45,31914145.0,724336177.92
2016-03-22,22.58,22.82,23.29,22.38,25941935.0,593580118.01
2016-03-23,22.7,23.12,23.36,22.52,23675022.0,544132444.23
2016-03-24,22.97,23.0,23.8,22.68,33561499.0,780696008.0
2016-03-25,22.81,22.88,23.23,22.45,20445948.0,466156798.69
2016-03-28,23.18,23.75,25.1,23.12,48947552.0,1175849851.76
2016-03-29,23.68,24.7,24.84,23.41,52304976.0,1265333600.46
2016-03-30,24.2,25.49,25.6,23.99,57696136.0,1432330917.72
2016-03-31,25.77,25.59,26.17,24.89,45322949.0,1156168955.06
2016-04-01,25.53,25.32,25.67,24.93,24498192.0,619013093.6
2016-04-05,25.29,25.47,25.71,24.6,38401522.0,970468251.56
2016-04-06,25.15,25.0,25.4,24.59,29081628.0,728068835.94
2016-04-07,25.01,24.4,25.34,24.38,21534181.0,535819934.8
2016-04-08,24.14,23.66,24.21,23.26,25617624.0,606492950.7
2016-04-11,23.91,24.16,24.58,23.91,18740037.0,454950332.45
2016-04-12,25.94,26.58,26.58,25.26,38290755.0,1004289619.59
2016-04-13,27.0,26.46,27.25,26.2,79821084.0,2132316894.58
2016-04-14,26.25,26.18,26.65,25.8,33145516.0,864568878.02
2016-04-15,26.47,25.95,26.47,25.73,25993073.0,676136592.47
2016-04-18,25.66,25.2,25.68,24.49,27671197.0,694713259.49
2016-04-19,25.31,25.35,25.5,24.9,21040631.0,530513032.93
2016-04-20,25.75,24.37,26.35,23.5,45089708.0,1136027197.83
2016-04-21,24.11,23.67,24.47,23.67,21361995.0,513781186.38
2016-04-22,23.5,24.06,24.06,23.28,16004837.0,379903990.78
2016-04-25,24.0,23.61,24.0,23.3,14914505.0,352535549.37
2016-04-26,23.71,24.2,24.2,23.64,16493033.0,394625474.78
2016-04-27,24.27,23.75,24.32,23.55,18972070.0,454030060.22
2016-04-28,23.83,23.37,23.94,22.82,21977356.0,511765633.47
2016-04-29,23.05,23.06,23.44,23.03,14695491.0,340977061.5
2016-05-03,23.37,24.16,24.2,23.11,25284275.0,602452686.91
2016-05-04,24.13,24.04,24.3,23.9,18623021.0,448070215.55
2016-05-05,23.97,24.13,24.19,23.84,13005432.0,312755096.57
2016-05-06,24.15,23.0,24.33,23.0,24055181.0,564928106.23
2016-05-09,22.81,21.64,22.81,21.4,22369146.0,492303151.16
2016-05-10,21.5,21.6,21.91,21.39,11089450.0,240212110.12
2016-05-11,21.85,21.41,21.86,21.29,8758672.0,189127903.81
2016-05-12,21.01,21.46,21.55,20.67,12737166.0,269742336.0
2016-05-13,21.38,21.15,21.77,20.98,10967168.0,234727376.94
2016-05-16,21.14,21.53,21.53,20.82,12434475.0,263920493.68
2016-05-17,21.62,21.75,22.15,21.34,17770540.0,386460209.08
2016-05-18,21.45,21.13,21.45,20.74,16443943.0,346003406.88
2016-05-19,21.15,21.24,21.86,21.08,15123898.0,325089207.41
2016-05-20,20.94,21.48,21.53,20.78,11039339.0,234731732.04
2016-05-23,21.67,21.99,22.35,21.6,19663597.0,432726806.09
2016-05-24,22.08,21.71,22.08,21.53,12257778.0,267038250.81
2016-05-25,21.93,21.78,22.24,21.63,14363439.0,316019366.27
2016-05-26,21.73,22.14,22.15,21.2,15601078.0,338551317.51
2016-05-27,22.5,22.78,23.35,22.5,31669278.0,728756097.28
2016-05-30,22.31,22.44,22.92,22.13,18167026.0,409078829.67
2016-05-31,22.53,23.78,23.96,22.53,35165783.0,823742947.7
2016-06-01,23.7,23.78,23.93,23.52,27673355.0,656515436.79
2016-06-02,23.79,23.71,23.83,23.45,20164712.0,476231077.86
2016-06-03,23.74,23.81,24.15,23.52,26855028.0,638921210.32
2016-06-06,24.0,23.51,24.15,23.31,16993510.0,402293765.3
2016-06-07,23.49,23.53,23.8,23.28,14912338.0,350844586.02
2016-06-08,23.6,23.5,23.73,23.28,15915826.0,374185878.19
2016-06-13,23.12,21.52,23.18,21.5,28792443.0,646631555.55
2016-06-14,21.52,21.56,21.85,21.38,12674209.0,273445238.3
2016-06-15,21.24,22.21,22.35,21.2,17029893.0,375318670.08
2016-06-16,22.29,22.06,22.43,22.01,12636138.0,280317597.12
2016-06-17,22.09,22.11,22.56,21.95,12214104.0,271882953.11
2016-06-20,22.1,22.64,22.65,21.71,19200986.0,427296926.16
2016-06-21,23.36,22.25,23.49,22.18,26490461.0,607208223.88
2016-06-22,22.07,22.73,22.73,22.0,14629313.0,327399533.41
2016-06-23,22.73,22.98,23.48,22.47,21853241.0,501567629.62
2016-06-24,22.71,22.33,23.0,21.6,21725986.0,488514139.31
2016-06-27,22.1,23.56,23.75,22.07,37571790.0,871034105.27
2016-06-28,23.23,23.53,23.75,23.06,29892001.0,699807125.58
2016-06-29,23.9,23.38,23.9,23.31,17338197.0,407617033.17
2016-06-30,23.55,23.45,23.9,23.35,16378229.0,386246264.47
2016-07-01,23.58,23.13,23.6,23.07,17030542.0,397256913.1
2016-07-04,23.05,23.82,23.96,22.91,25219844.0,593950708.48
2016-07-05,23.76,23.75,23.96,23.55,21969885.0,522449817.54
2016-07-06,23.85,24.08,24.5,23.78,35560591.0,860671285.68
2016-07-07,24.01,23.77,24.1,23.41,22509793.0,532910921.32
2016-07-08,23.75,23.6,23.87,23.41,15803043.0,373828075.86
2016-07-11,23.7,23.97,24.52,23.67,38644308.0,935943285.2
2016-07-12,24.05,24.57,24.66,23.63,36050154.0,873029066.4
2016-07-13,24.63,24.4,24.64,24.27,24386944.0,595311543.05
2016-07-14,24.45,24.5,24.58,24.3,18553007.0,453348709.48
2016-07-15,24.58,24.16,24.58,24.04,16654322.0,404087082.41
2016-07-18,23.92,23.82,24.09,23.6,15036606.0,358401998.0
2016-07-19,23.82,23.97,23.97,23.61,10924716.0,259969884.85
2016-07-20,24.04,23.75,24.04,23.65,11507718.0,274245738.69
2016-07-21,23.84,24.2,24.46,23.78,25248921.0,610809671.86
2016-07-22,24.23,24.75,24.88,23.9,36201486.0,885238464.59
2016-07-25,24.7,24.83,25.33,24.51,30289851.0,754810550.81
2016-07-26,24.68,25.0,25.18,24.66,21770143.0,541896008.08
2016-07-27,25.15,25.51,25.73,23.64,66920185.0,1682977859.96
2016-07-28,25.17,25.16,26.11,24.85,49659789.0,1264404040.37
2016-07-29,25.12,24.2,25.16,24.1,29458315.0,720894173.68
2016-08-01,24.09,23.38,24.09,23.18,19054150.0,447296525.07
2016-08-02,23.37,23.77,23.83,23.37,11521641.0,272030402.46
2016-08-03,23.79,23.82,24.15,23.61,13289461.0,317590235.22
2016-08-04,23.74,24.02,24.2,23.5,14717697.0,351189790.44
2016-08-05,23.95,23.74,24.13,23.62,12041487.0,287227018.42
2016-08-08,23.67,24.02,24.1,23.5,11001373.0,262415327.47
2016-08-09,24.01,24.22,24.23,23.84,13912207.0,334077921.99
2016-08-10,24.3,24.09,24.59,24.08,14893503.0,362040916.13
2016-08-11,24.04,23.4,24.04,23.37,17117457.0,404841731.5
2016-08-12,23.47,23.69,23.85,23.3,10972978.0,258075315.12
2016-08-15,23.7,25.08,25.25,23.5,35336893.0,868262576.25
2016-08-16,24.93,24.86,25.03,24.71,22340713.0,555241002.03
2016-08-17,24.78,25.24,25.49,24.71,28967529.0,730553484.0
2016-08-18,25.24,24.98,25.77,24.97,24763180.0,626911398.99
2016-08-19,25.0,24.86,25.05,24.63,13018713.0,323247363.26
2016-08-22,24.79,25.06,25.5,24.66,24100764.0,607843093.96
2016-08-23,24.97,24.97,25.18,24.65,15944893.0,396506938.31
2016-08-24,24.99,24.74,25.07,24.6,12870358.0,318858255.88
2016-08-25,24.7,24.5,24.7,24.07,18216424.0,444215076.73
2016-08-26,24.55,24.55,24.83,24.37,13566391.0,334270995.88
2016-08-29,24.39,24.15,24.56,24.05,16083825.0,389568499.75
2016-08-30,24.21,24.68,25.14,24.21,25084651.0,620597111.04
2016-08-31,24.65,24.6,24.81,24.33,10667749.0,261565032.45
2016-09-01,24.64,24.65,25.15,24.58,16591539.0,412687581.6
2016-09-02,24.51,24.4,24.7,24.15,11357927.0,277595609.56
2016-09-05,24.51,24.45,24.98,24.38,10828488.0,267265931.24
2016-09-06,24.35,24.92,24.95,24.24,15205280.0,375578017.85
2016-09-07,25.0,25.06,25.4,24.76,23009965.0,577738970.57
2016-09-08,25.2,25.4,25.71,25.07,24264462.0,617430054.53
2016-09-09,25.41,25.49,26.14,25.21,32706671.0,840793587.28
2016-09-12,24.99,24.52,25.14,24.39,19741487.0,488853455.09
2016-09-13,24.7,24.79,24.86,24.42,10890164.0,268614610.27
2016-09-14,24.6,25.17,25.35,24.4,19178568.0,478439180.75
2016-09-19,25.15,25.25,25.29,24.91,15153426.0,380411748.97
2016-09-20,25.26,25.4,25.87,25.1,21644730.0,552851907.69
2016-09-21,25.32,26.33,26.87,25.03,44619189.0,1162629559.02
2016-09-22,26.53,26.55,26.74,26.2,30187088.0,798311778.04
2016-09-23,26.59,27.1,27.78,26.49,46548904.0,1267272906.01
2016-09-26,27.1,26.05,27.39,25.92,35468325.0,941067457.83
2016-09-27,26.02,26.53,26.53,25.85,24670138.0,645857047.33
2016-09-28,26.49,25.89,26.49,25.82,19690868.0,513062716.15
2016-09-29,25.89,25.96,26.36,25.83,14561333.0,380151983.14
2016-09-30,25.83,26.16,26.45,25.73,15455919.0,404379752.67
2016-10-10,26.68,26.96,27.58,26.31,38040448.0,1024536056.49
2016-10-11,27.0,26.86,27.15,26.71,20531412.0,552049116.53
2016-10-12,26.7,27.15,27.47,26.62,25978955.0,705658321.46
2016-10-13,27.16,26.28,27.25,26.21,30764200.0,821095391.22
2016-10-14,26.28,26.72,26.74,25.57,30853667.0,806282240.05
2016-10-17,26.72,26.72,26.72,26.72,0.0,0.0
2016-10-18,24.3,25.29,25.54,24.3,55562144.0,1393257833.33
2016-10-19,25.0,24.84,25.18,24.62,34856569.0,866545381.65
2016-10-20,24.85,24.51,24.94,24.39,23622626.0,580205479.59
2016-10-21,24.59,24.67,24.78,24.41,18403007.0,452755704.32
2016-10-24,24.64,24.73,24.85,24.41,16842893.0,415110115.85
2016-10-25,24.75,24.78,25.05,24.65,18696531.0,464287280.71
2016-10-26,24.81,24.74,25.0,24.7,14751149.0,366317490.36
2016-10-27,24.74,24.24,24.9,24.08,23411224.0,571899242.8
2016-10-28,24.21,23.8,24.34,23.69,21958519.0,525808273.99
2016-10-31,23.7,23.38,23.79,23.2,17712416.0,414618354.82
2016-11-01,23.49,23.71,23.85,23.4,12999965.0,307854593.18
2016-11-02,23.7,23.66,24.0,23.51,13936305.0,331207275.25
2016-11-03,23.66,23.68,23.84,23.42,14903612.0,352653588.96
2016-11-04,23.66,23.46,23.84,23.45,11693152.0,275805091.81
2016-11-07,23.5,23.31,23.51,23.23,11552433.0,269792064.84
2016-11-08,23.46,23.63,23.75,23.36,13086650.0,308304825.96
2016-11-09,23.65,23.98,24.13,23.44,28169510.0,671773212.59
2016-11-10,24.15,24.05,24.18,23.85,19101898.0,458701476.06
2016-11-11,24.03,23.91,24.03,23.71,16258130.0,387395349.8
2016-11-14,23.93,23.99,24.07,23.76,18213406.0,435404778.11
2016-11-15,23.99,24.02,24.03,23.8,11745636.0,280817655.08
2016-11-16,23.98,23.86,24.18,23.85,14739904.0,353794167.18
2016-11-17,23.83,23.51,23.83,23.48,13378481.0,315473498.15
2016-11-18,23.55,23.6,23.71,23.42,8927837.0,210385575.7
2016-11-21,23.57,23.46,23.59,23.37,9381136.0,220197435.96
2016-11-22,23.49,23.65,23.67,23.39,10237813.0,240807997.11
2016-11-23,23.68,23.37,23.7,23.36,13578520.0,318882667.4
2016-11-24,23.4,23.18,23.47,23.16,11969127.0,278630245.98
2016-11-25,23.23,23.54,23.58,22.88,17273265.0,403016140.44
2016-11-28,23.59,23.34,23.59,23.32,10504228.0,245952376.76
2016-11-29,23.43,23.35,23.68,23.34,13324871.0,313016767.19
2016-11-30,23.28,23.19,23.5,23.01,9546997.0,221936993.72
2016-12-01,23.12,23.07,23.25,23.01,10010625.0,231105869.57
2016-12-02,23.02,22.37,23.06,22.37,19562428.0,443321662.32
2016-12-05,22.12,22.24,22.57,22.08,8076277.0,179901642.46
2016-12-06,22.28,22.24,22.5,22.24,4834165.0,107968409.94
2016-12-07,22.3,22.42,22.48,22.25,6383102.0,142948335.88
2016-12-08,22.5,22.45,22.75,22.43,8209081.0,185138012.79
2016-12-09,22.4,22.37,22.47,22.22,5601246.0,125112958.19
2016-12-12,22.37,21.08,22.43,21.01,16881312.0,365670753.92
2016-12-13,21.02,21.23,21.34,21.01,7414597.0,157161648.48
2016-12-14,21.27,21.1,21.33,21.01,6487682.0,137219462.0
2016-12-15,21.04,21.21,21.45,21.02,6681268.0,142096790.43
2016-12-16,21.24,21.3,21.46,21.16,5942210.0,126738940.41
2016-12-19,21.2,21.08,21.36,21.0,7269068.0,153731205.79
2016-12-20,21.12,20.96,21.16,20.88,8228075.0,172490008.47
2016-12-21,20.6,21.05,21.1,20.2,13295084.0,276647272.16
2016-12-22,20.97,20.81,20.98,20.7,7193960.0,149650465.49
2016-12-23,20.8,20.89,21.05,20.4,10283084.0,213311442.27
2016-12-26,20.76,21.19,21.2,20.52,10450550.0,219200755.09
2016-12-27,21.15,21.0,21.21,20.99,6728128.0,141908578.81
2016-12-28,21.0,20.9,21.1,20.8,4662338.0,97663243.83
2016-12-29,21.29,21.41,21.88,21.1,17224073.0,371609624.32
2016-12-30,21.33,21.2,21.63,21.09,7753968.0,165397819.81
2017-01-03,21.29,21.24,21.44,21.1,7657499.0,162639270.98
2017-01-04,21.28,21.48,21.48,21.17,8495370.0,181508409.78
2017-01-05,21.47,21.4,21.48,21.34,5173290.0,110657916.14
2017-01-06,21.39,20.85,21.4,20.83,10182566.0,214110232.3
2017-01-09,20.84,20.87,21.04,20.6,6409604.0,133409879.44
2017-01-10,20.87,20.83,20.99,20.81,3496204.0,73029463.28
2017-01-11,20.72,20.56,20.93,20.52,6373115.0,131772971.46
2017-01-12,20.51,20.5,20.63,20.48,4020940.0,82598636.53
2017-01-13,20.51,20.26,20.58,20.25,5825509.0,118826115.18
2017-01-16,20.22,19.15,20.22,18.64,12046070.0,234876838.0
2017-01-17,19.2,19.31,19.4,18.85,6801278.0,130316701.39
2017-01-18,19.27,19.22,19.37,19.19,3529770.0,68089075.22
2017-01-19,19.19,19.26,19.36,19.06,3351494.0,64601274.01
2017-01-20,19.26,19.72,19.96,19.22,6801139.0,134171418.0
2017-01-23,19.74,19.76,19.89,19.7,4192301.0,82932353.77
2017-01-24,19.68,19.61,19.78,19.61,3091968.0,60868573.88
2017-01-25,19.52,19.8,20.03,19.52,4348979.0,86173246.61
2017-01-26,19.82,19.82,19.99,19.8,3487431.0,69277489.02
2017-02-03,19.84,20.85,21.8,19.7,12670998.0,264046958.87
2017-02-06,20.83,20.93,20.99,20.52,8129389.0,169322608.74
2017-02-07,20.82,20.94,21.19,20.74,8157477.0,170788131.46
2017-02-08,20.84,21.01,21.12,20.71,7652320.0,160427873.67
2017-02-09,21.2,21.1,21.45,21.09,11491795.0,244520192.74
2017-02-10,21.09,20.78,21.12,20.73,7696894.0,160729281.15
2017-02-13,20.77,20.87,21.02,20.73,5730566.0,119565331.71
2017-02-14,20.88,21.03,21.4,20.81,7166050.0,151270639.72
2017-02-15,21.15,20.66,21.2,20.58,6767173.0,141206907.25
2017-02-16,20.65,20.74,20.79,20.56,3801614.0,78644982.06
2017-02-17,20.78,20.58,20.92,20.53,5994440.0,124128876.13
2017-02-20,20.57,20.82,20.98,20.5,5480121.0,113611056.75
2017-02-21,20.78,21.06,21.2,20.77,10678710.0,224612839.0
2017-02-22,21.0,20.98,21.06,20.85,6816530.0,142781883.26
2017-02-23,20.96,21.2,21.2,20.87,9106978.0,191550116.75
2017-02-24,21.31,21.28,21.42,21.08,9803865.0,208377911.16
2017-02-27,21.4,20.86,21.4,20.81,8800529.0,185426202.07
2017-02-28,20.86,21.18,21.5,20.76,12342512.0,260671741.01
2017-03-01,21.08,21.1,21.4,20.96,8899199.0,187975983.34
2017-03-02,21.2,20.96,21.28,20.92,6609377.0,139374266.34
2017-03-03,20.97,20.84,20.97,20.7,5600955.0,116655187.97
2017-03-06,20.96,21.12,21.2,20.8,8902464.0,187957735.42
2017-03-07,21.2,21.39,21.45,21.09,13888344.0,295211286.33
2017-03-08,21.42,21.15,21.49,21.08,9573350.0,203543874.36
2017-03-09,21.1,20.96,21.13,20.9,5529710.0,116144305.63
2017-03-10,21.04,20.82,21.05,20.77,5116032.0,106906631.63
2017-03-13,20.8,20.94,21.03,20.71,5951941.0,124271205.46
2017-03-14,20.96,20.86,21.12,20.82,7092787.0,148732734.19
2017-03-15,20.88,20.98,21.02,20.78,6912311.0,144755153.36
2017-03-16,21.02,21.16,21.22,20.98,10638224.0,224688099.59
2017-03-17,21.13,20.66,21.24,20.66,12556622.0,263340425.37
2017-03-20,20.67,20.13,20.72,20.02,15621637.0,316203314.09
2017-03-21,20.12,19.7,20.12,19.68,15620436.0,310379526.75
2017-03-22,19.69,19.79,19.96,19.5,12518993.0,247571548.48
2017-03-23,19.8,19.81,19.94,19.66,6405709.0,127005854.9
2017-03-24,19.85,19.91,19.96,19.72,5700033.0,113045393.86
2017-03-27,19.95,19.7,20.05,19.69,7824881.0,154823224.21
2017-03-28,19.69,19.51,19.7,19.46,8043572.0,157315430.57
2017-03-29,19.49,19.16,19.6,19.12,9754222.0,189333398.3
2017-03-30,19.21,18.9,19.32,18.81,9694059.0,184210544.2
2017-03-31,18.91,19.0,19.09,18.91,4546147.0,86406293.78
2017-04-05,18.95,19.41,19.42,18.93,7766012.0,149840954.1
2017-04-06,19.41,19.76,19.79,19.3,9667616.0,189640536.57
2017-04-07,19.66,19.68,19.75,19.55,6477149.0,127228708.17
2017-04-10,19.67,19.29,19.68,19.19,6829464.0,132206475.34
2017-04-11,19.29,19.7,19.9,19.19,9748414.0,191144383.75
2017-04-12,19.71,19.53,19.71,19.46,4698672.0,91886387.1
2017-04-13,19.59,19.37,19.67,19.35,4531386.0,88285007.51
2017-04-14,19.31,19.03,19.38,19.0,6236114.0,119138442.41
2017-04-17,18.94,19.07,19.15,18.94,4232243.0,80575459.81
2017-04-18,19.17,18.87,19.17,18.87,4537630.0,86186293.0
2017-04-19,18.82,19.03,19.05,18.64,6081527.0,114327359.18
2017-04-20,19.09,18.87,19.1,18.65,5678601.0,106889929.04
2017-04-21,18.87,18.91,19.05,18.81,3859408.0,72947313.86
2017-04-24,19.19,19.35,19.68,19.05,17856507.0,346750375.47
2017-04-25,19.29,19.5,19.54,19.0,12876174.0,248136382.44
2017-04-26,19.43,19.32,19.55,19.27,8489594.0,164413458.19
2017-04-27,19.29,19.15,19.3,18.7,9870283.0,187299866.66
2017-04-28,19.05,19.14,19.25,18.98,6129435.0,116939606.82
2017-05-02,18.88,18.93,19.13,18.88,5914054.0,112048462.94
2017-05-03,18.9,19.02,19.12,18.76,7172841.0,135728420.97
2017-05-04,18.94,18.8,18.98,18.8,7017022.0,132377681.41
2017-05-05,18.76,18.49,18.8,18.49,6668228.0,124599125.53
2017-05-08,18.21,17.81,18.3,17.51,12128503.0,216347624.02
2017-05-09,17.71,17.02,17.8,16.47,16378948.0,279457449.99
2017-05-10,16.92,16.64,17.16,16.59,8491997.0,143877901.66
2017-05-11,16.6,16.61,16.75,16.04,10616571.0,174669293.7
2017-05-12,16.65,16.77,16.85,16.52,6792255.0,113461830.08
2017-05-15,17.76,16.97,17.85,16.95,10128645.0,175531139.49
2017-05-16,16.8,17.18,17.19,16.55,7071196.0,119388006.17
2017-05-17,17.1,17.04,17.26,16.98,6081943.0,104138882.31
2017-05-18,16.9,16.75,17.03,16.74,4486329.0,75666361.17
2017-05-19,16.78,18.43,18.43,16.73,34307231.0,615496531.99
2017-05-22,18.15,18.41,19.39,17.92,48635927.0,907304122.61
2017-05-23,17.7,17.11,17.8,17.1,24453327.0,424398994.22
2017-05-24,16.93,17.18,17.79,16.31,17591059.0,301386020.49
2017-05-25,17.08,17.51,17.83,16.79,17161473.0,296800035.66
2017-05-26,17.46,17.67,18.29,17.28,17576365.0,312983897.47
2017-05-31,17.82,17.77,17.98,17.54,10319384.0,182828566.66
2017-06-01,17.67,17.69,17.75,16.91,12192785.0,211389006.7
2017-06-02,17.51,17.69,17.79,17.1,9650150.0,169252646.38
2017-06-05,17.69,17.92,18.24,17.5,12878833.0,230121053.55
2017-06-06,17.78,17.74,17.8,17.57,9850801.0,174205247.92
2017-06-07,17.66,17.98,18.06,17.62,12027210.0,215508406.86
2017-06-08,17.95,17.8,18.06,17.75,8580318.0,153504610.23
2017-06-09,17.8,17.64,17.81,17.51,7061728.0,124374847.04
2017-06-12,17.5,17.18,17.57,17.15,7090781.0,123077244.18
2017-06-13,17.18,17.31,17.4,17.18,5695132.0,98629781.78
2017-06-14,17.31,17.25,17.39,17.23,4509000.0,78035979.23
2017-06-15,17.24,17.47,17.64,17.23,7966527.0,139202781.82
2017-06-16,17.5,17.36,17.57,17.32,4746940.0,82611528.98
2017-06-19,17.36,17.57,17.63,17.36,7557288.0,132292290.7
2017-06-20,17.63,17.6,17.83,17.57,9315311.0,164759964.85
2017-06-21,17.68,17.38,17.71,17.31,7961166.0,138650821.07
2017-06-22,17.39,17.21,17.58,17.09,7877035.0,137059719.35
2017-06-23,17.16,17.08,17.28,16.9,8605768.0,146913908.72
2017-06-26,17.1,17.22,17.42,17.09,7028333.0,121204048.66
2017-06-27,17.25,17.15,17.35,17.12,7707635.0,132848487.21
2017-06-28,17.17,17.2,17.28,17.06,5164938.0,88721051.05
2017-06-29,17.24,17.5,17.76,17.15,14680523.0,256405115.26
2017-06-30,17.42,17.32,17.52,17.14,9135004.0,158291043.68
2017-07-03,17.32,17.53,17.55,17.21,8697587.0,151566793.09
2017-07-04,17.52,17.55,17.69,17.46,8191311.0,143930576.04
2017-07-05,17.53,17.65,17.68,17.45,10166541.0,178715373.28
2017-07-06,17.53,17.41,17.61,17.31,12269578.0,213651328.26
2017-07-07,17.45,17.63,17.69,17.39,10749806.0,188769020.44
2017-07-10,17.56,17.71,17.85,17.48,13574985.0,240619126.28
2017-07-11,17.65,17.46,17.75,17.42,8876680.0,156203545.49
2017-07-12,17.47,17.91,17.92,17.26,14927327.0,263741472.68
2017-07-13,18.1,17.82,18.28,17.78,16903082.0,304128854.26
2017-07-14,17.6,17.16,17.64,17.11,21162652.0,365722748.64
2017-07-17,17.0,16.55,17.11,16.3,17554467.0,293839335.17
2017-07-18,16.5,16.54,16.68,16.31,12382824.0,204290318.97
2017-07-19,16.54,16.54,16.54,16.54,0.0,0.0
2017-07-20,16.54,16.54,16.54,16.54,0.0,0.0
2017-07-21,16.54,16.54,16.54,16.54,0.0,0.0
2017-07-24,16.54,16.54,16.54,16.54,0.0,0.0
2017-07-25,16.54,16.54,16.54,16.54,0.0,0.0
2017-07-26,16.54,16.54,16.54,16.54,0.0,0.0
2017-07-27,15.22,16.67,16.67,15.22,29458251.0,474663169.66
2017-07-28,16.97,16.83,17.44,16.65,39449921.0,670500760.4
2017-07-31,16.62,16.75,16.82,16.38,19610830.0,325694439.25
2017-08-01,16.71,16.55,16.71,16.42,13834483.0,228867430.53
2017-08-02,16.4,16.16,16.47,16.15,15142626.0,246296204.4
2017-08-03,16.0,15.89,16.28,15.73,21253947.0,339658243.37
2017-08-04,15.94,15.94,16.19,15.86,13870975.0,222422042.04
2017-08-07,15.95,16.2,16.41,15.92,15089076.0,245284430.13
2017-08-08,16.18,16.28,16.28,15.97,12476493.0,201099776.45
2017-08-09,16.22,16.15,16.4,16.1,10153021.0,164627814.64
2017-08-10,16.1,15.96,16.25,15.88,9840029.0,157705661.37
2017-08-11,15.91,15.75,16.12,15.71,10878303.0,173014629.55
2017-08-14,15.73,16.25,16.38,15.73,18229451.0,295128592.74
2017-08-15,16.21,16.24,16.44,16.12,12633197.0,205333743.55
2017-08-16,16.16,16.58,16.73,16.12,25863417.0,426507037.94
2017-08-17,16.5,16.91,17.61,16.42,42120475.0,714124777.23
2017-08-18,16.77,16.84,17.26,16.68,22876513.0,388311093.33
2017-08-21,16.96,17.02,17.4,16.8,22481686.0,384028209.93
2017-08-22,17.15,16.98,17.2,16.66,19968165.0,336884856.24
2017-08-23,16.99,17.8,18.5,16.7,69858863.0,1230097916.59
2017-08-24,17.57,17.35,17.68,17.21,31966537.0,556934286.43
2017-08-25,17.35,17.58,17.62,17.12,28695627.0,499012147.18
2017-08-28,17.67,17.77,18.06,17.37,36743264.0,652810140.87
2017-08-29,17.68,17.59,17.79,17.45,18961659.0,333501086.58
2017-08-30,17.52,17.54,17.76,17.45,17164064.0,301728934.97
2017-08-31,17.53,17.4,17.6,17.24,18590044.0,323729445.23
2017-09-01,17.4,17.75,17.88,17.27,28016665.0,492873492.8
2017-09-04,17.76,18.59,19.0,17.69,67322290.0,1242451540.74
2017-09-05,18.68,18.53,18.93,18.41,35857574.0,666566396.52
2017-09-06,18.42,18.71,18.74,18.23,33575988.0,621415870.43
2017-09-07,19.05,18.35,19.22,18.35,40707412.0,760515738.47
2017-09-08,18.35,18.14,18.47,17.95,25576628.0,464064215.07
2017-09-11,19.0,18.2,19.19,18.17,39764947.0,737006529.2
2017-09-12,18.26,19.89,20.02,18.22,151616756.0,2966451952.49
2017-09-13,19.9,19.53,19.99,19.2,80142048.0,1564653761.66
2017-09-14,19.58,19.89,20.35,19.43,93461206.0,1862035666.76
2017-09-15,19.6,19.79,20.16,19.48,49024134.0,969201678.93
2017-09-18,20.38,20.1,20.58,19.91,66267736.0,1339792864.34
2017-09-19,20.02,19.75,20.5,19.49,57771924.0,1145090666.74
2017-09-20,19.71,20.28,20.48,19.52,57854652.0,1161965826.15
2017-09-21,20.33,19.7,20.48,19.55,47351883.0,944486209.87
2017-09-22,19.7,19.2,19.88,19.06,36434311.0,707259757.78
2017-09-25,19.28,18.86,19.47,18.84,24345260.0,466057735.6
2017-09-26,18.8,18.94,18.98,18.66,19159807.0,360091772.19
2017-09-27,18.9,19.14,19.33,18.76,22742100.0,434456548.14
2017-09-28,19.06,19.25,19.83,19.04,34853178.0,678201161.21
2017-09-29,19.23,19.19,19.36,19.12,20694186.0,397701794.68
2017-10-09,19.66,19.62,19.89,19.45,29359689.0,577143407.7
2017-10-10,19.6,20.31,20.89,19.55,55348313.0,1124485903.72
2017-10-11,20.19,19.64,20.4,19.61,39910629.0,796674559.13
2017-10-12,19.63,19.68,20.07,19.58,21144217.0,418956630.63
2017-10-13,19.62,19.56,19.86,19.46,18520570.0,363406244.81
2017-10-16,19.68,19.03,19.84,19.03,24432937.0,475139795.4
2017-10-17,19.03,18.57,19.1,18.54,22914322.0,430153190.36
2017-10-18,18.63,18.35,18.84,18.21,17948982.0,332462026.97
2017-10-19,18.31,18.07,18.49,17.98,16941403.0,307442135.35
2017-10-20,18.12,18.48,18.49,18.0,12106443.0,221683760.64
2017-10-23,18.48,18.66,18.84,18.33,14274346.0,264712833.1
2017-10-24,18.58,18.3,18.58,18.12,13173840.0,241393256.04
2017-10-25,18.22,18.43,18.54,18.22,10016302.0,184434382.85
2017-10-26,18.43,18.55,18.74,18.32,13922105.0,258472498.97
2017-10-27,18.57,18.23,18.67,18.2,11747545.0,215609229.62
2017-10-30,18.25,17.85,18.48,17.69,20175699.0,361737930.05
2017-10-31,17.86,17.73,17.94,17.46,13438371.0,237862907.64
2017-11-01,17.77,18.03,18.38,17.73,17027960.0,307948375.03
2017-11-02,18.1,18.37,18.5,17.9,17790604.0,325123854.85
2017-11-03,18.5,18.3,18.69,18.2,20327515.0,375261944.9
2017-11-06,18.19,18.58,18.75,18.16,16343597.0,302588089.24
2017-11-07,18.59,19.29,19.35,18.59,33491487.0,637836312.47
2017-11-08,19.33,19.19,19.44,18.94,26953907.0,517067225.92
2017-11-09,19.1,19.19,19.37,18.91,21153566.0,405745883.15
2017-11-10,19.05,19.34,19.77,19.05,28436532.0,552815506.32
2017-11-13,19.28,20.11,20.28,19.09,49129863.0,969488226.59
2017-11-14,20.2,21.37,22.01,20.1,111579759.0,2361660318.87
2017-11-15,21.65,20.99,21.77,20.6,67287414.0,1426835390.64
2017-11-16,21.25,21.13,21.74,20.73,65089700.0,1383725381.43
2017-11-17,21.35,20.48,21.75,20.25,73314282.0,1553298484.11
2017-11-20,20.5,22.31,22.39,20.35,94022495.0,2013357697.94
2017-11-21,22.03,22.36,22.69,21.65,99227176.0,2199561603.04
2017-11-22,22.13,21.74,23.19,21.37,94711145.0,2112623993.34
2017-11-23,21.49,20.3,21.61,20.3,60695468.0,1279063206.56
2017-11-24,20.15,19.59,20.64,19.4,46802190.0,942704131.92
2017-11-27,19.83,18.85,20.04,18.4,45960612.0,891944350.9
2017-11-28,18.87,19.49,19.67,18.81,37395246.0,718400129.79
2017-11-29,19.4,19.02,19.5,18.58,38164902.0,723519929.38
2017-11-30,18.81,18.77,19.2,18.62,28632754.0,539583010.78
2017-12-01,18.63,19.12,19.34,18.6,31270473.0,597728348.54
2017-12-04,19.2,18.91,19.28,18.7,24680172.0,467505563.32
2017-12-05,18.8,17.8,18.99,17.5,44579903.0,806639612.77
2017-12-06,17.8,18.29,18.32,17.52,28068846.0,504163054.63
2017-12-07,18.25,18.06,18.45,18.02,20413247.0,372051778.56
2017-12-08,17.97,18.47,18.62,17.91,29010896.0,534852470.39
2017-12-11,19.46,19.4,19.95,19.17,56604902.0,1103830531.88
2017-12-12,19.49,19.38,19.75,19.24,35548156.0,692929588.09
2017-12-13,19.05,19.28,19.33,18.91,23951101.0,457692885.93
2017-12-14,19.19,19.73,19.79,19.14,34799426.0,680056637.52
2017-12-15,19.73,19.57,20.15,19.56,38147263.0,757376418.1
2017-12-18,19.79,18.96,19.94,18.9,27019437.0,520649500.5
2017-12-19,19.01,19.96,19.98,19.01,36693885.0,718597257.03
2017-12-20,19.88,20.01,20.25,19.71,36725182.0,733388663.67
2017-12-21,19.8,20.21,20.47,19.65,36093514.0,726244862.96
2017-12-22,20.2,19.95,20.41,19.79,26859312.0,538585454.23
2017-12-25,19.72,19.52,20.13,19.45,24259267.0,478470562.15
2017-12-26,19.58,20.19,20.2,19.31,29889842.0,591025853.02
2017-12-27,20.18,19.72,20.38,19.72,29186129.0,585572304.4
2017-12-28,19.58,19.49,20.13,19.45,25475045.0,502650652.0
2017-12-29,19.46,19.88,19.99,19.4,21437002.0,423563923.44
2018-01-02,20.0,20.19,20.27,19.82,33070179.0,664287866.17
2018-01-03,20.15,20.18,20.4,19.95,36195810.0,730119441.16
2018-01-04,20.18,19.93,20.35,19.83,31837088.0,639534782.3
2018-01-05,19.95,19.68,20.19,19.68,27270764.0,542446849.37
2018-01-08,19.42,18.79,19.48,18.5,48366603.0,909835877.87
2018-01-09,18.72,18.7,18.75,18.52,18960779.0,353137089.3
2018-01-10,18.77,18.94,19.15,18.57,26282609.0,496544396.92
2018-01-11,18.72,19.04,19.08,18.18,34794156.0,651000261.26
2018-01-12,18.95,18.48,19.06,18.43,23762142.0,444557413.07
2018-01-15,18.3,17.67,18.3,17.55,32759482.0,585208144.61
2018-01-16,17.64,17.04,17.82,16.9,41825405.0,720294993.21
2018-01-17,16.92,17.05,17.23,16.56,25484400.0,430593969.82
2018-01-18,16.93,16.92,17.09,16.85,12165304.0,206237552.79
2018-01-19,16.97,16.99,17.25,16.91,14703431.0,251083128.59
2018-01-22,16.93,17.2,17.34,16.64,18830745.0,322275648.79
2018-01-23,17.15,17.39,17.64,17.08,17263203.0,299057030.4
2018-01-24,17.34,17.67,17.73,17.12,20789765.0,363390087.24
2018-01-25,17.5,17.34,17.8,17.33,17784099.0,312213120.72
2018-01-26,17.29,17.36,17.6,17.09,17455319.0,302289003.88
2018-01-29,17.21,16.79,17.28,16.77,18780496.0,318788159.28
2018-01-30,16.73,16.9,17.13,16.69,11435834.0,193411654.99
2018-01-31,17.1,16.88,17.17,16.67,13722151.0,232478786.09
2018-02-01,16.9,16.02,17.07,15.7,20351000.0,333510220.86
2018-02-02,16.0,16.25,16.41,15.82,11763464.0,190690990.56
2018-02-05,15.99,16.2,16.31,15.86,8308124.0,133968461.95
2018-02-06,15.8,15.73,16.11,15.2,19596229.0,307964458.01
2018-02-07,15.95,15.83,16.09,15.38,15672012.0,248416076.95
2018-02-08,15.8,16.28,16.29,15.75,13532164.0,217720212.81
2018-02-09,15.75,15.83,16.14,15.62,14810052.0,235444433.24
2018-02-12,15.99,16.36,16.54,15.95,12879307.0,210276869.37
2018-02-13,16.61,17.25,18.0,16.42,38431714.0,666865566.76
2018-02-14,17.4,17.13,17.4,16.87,13511164.0,231218415.38
2018-02-22,17.25,17.37,17.74,17.16,15485589.0,270312264.55
2018-02-23,17.37,17.41,17.58,17.24,14139510.0,246675922.04
2018-02-26,17.75,17.8,18.05,17.41,30455694.0,540861913.43
2018-02-27,18.06,18.7,19.26,18.06,59850877.0,1117490697.74
2018-02-28,18.35,18.72,19.1,18.29,40535782.0,760470103.51
2018-03-01,18.71,20.59,20.59,18.66,88696634.0,1765288347.57
2018-03-02,21.31,20.21,21.45,20.1,106298636.0,2209201323.16
2018-03-05,20.5,21.1,21.18,20.16,72585451.0,1497209051.39
2018-03-06,20.94,20.5,20.94,20.15,59746858.0,1228019674.5
2018-03-07,20.44,20.62,20.93,20.17,45972584.0,944493250.45
2018-03-08,20.4,21.06,21.5,20.34,79140994.0,1669792317.67
2018-03-09,20.91,20.9,21.74,20.82,78134515.0,1660818298.89
2018-03-12,21.1,21.55,22.23,20.99,82225752.0,1776710715.88
2018-03-13,21.37,21.25,22.29,21.17,74182886.0,1614810437.7
2018-03-14,21.0,20.1,21.45,20.0,70995862.0,1467383751.81
2018-03-15,20.19,20.5,20.58,19.85,45633719.0,925454034.61
2018-03-16,20.43,20.25,20.82,20.15,41113758.0,841230619.46
2018-03-19,20.4,21.1,21.65,20.07,63417401.0,1337338652.43
2018-03-20,21.01,22.14,22.2,20.92,72734750.0,1575757767.62
2018-03-21,22.08,21.41,22.19,21.32,53595817.0,1169493750.55
2018-03-22,21.53,21.2,22.02,21.18,49655109.0,1073954342.72
2018-03-23,20.09,20.38,21.2,19.85,56272574.0,1145749171.74
2018-03-26,20.3,22.42,22.42,20.3,79391633.0,1708892244.89
2018-03-27,23.11,24.4,24.66,22.5,140468997.0,3304468981.89
2018-03-28,23.69,23.89,24.35,23.6,87101674.0,2086451148.47
2018-03-29,24.19,23.92,24.55,23.16,75749624.0,1807933117.16
2018-03-30,24.4,24.63,24.95,24.05,81688394.0,2007224471.05
2018-04-02,24.7,23.85,24.95,23.83,79076925.0,1924725311.03
2018-04-03,23.3,23.73,23.79,22.53,73261888.0,1694491019.81
2018-04-04,23.5,23.0,23.6,22.71,51235083.0,1184758573.28
2018-04-09,22.86,23.68,24.19,22.48,65124362.0,1530816959.95
2018-04-10,23.52,23.32,23.6,22.7,45504437.0,1050664961.82
2018-04-11,23.28,23.4,24.13,23.19,47688651.0,1131484422.81
2018-04-12,23.4,22.99,23.68,22.9,30374675.0,705795301.33
2018-04-13,23.25,23.46,23.9,22.93,38199912.0,897286018.17
2018-04-16,23.15,25.81,25.81,23.05,112469888.0,2807886678.19
2018-04-17,25.71,25.02,26.0,24.31,80696211.0,2033991157.57
2018-04-18,24.93,26.59,27.14,24.5,96955024.0,2501017466.0
2018-04-19,26.0,26.04,26.75,25.52,78932530.0,2059165636.89
2018-04-20,25.66,25.08,26.09,24.8,48560164.0,1233226278.95
2018-04-23,25.35,22.58,25.43,22.57,85687358.0,2022857785.43
2018-04-24,22.44,23.44,23.58,21.73,64962889.0,1471855647.07
2018-04-25,23.03,22.85,23.75,22.75,54945084.0,1275073642.49
2018-04-26,22.83,23.19,24.1,22.74,68443764.0,1610258812.92
2018-04-27,23.36,23.15,23.46,21.72,53184377.0,1204073096.54
2018-05-02,23.4,23.93,24.88,23.35,62572517.0,1511125961.8
2018-05-03,24.15,24.96,24.96,22.71,62745824.0,1512528716.03
2018-05-04,24.6,24.95,25.99,24.58,60088610.0,1523410319.45
2018-05-07,25.06,25.2,25.66,24.71,44411504.0,1118310771.54
2018-05-08,25.0,25.29,25.4,24.51,42135453.0,1048134605.82
2018-05-09,25.1,25.1,25.7,24.79,32174079.0,813181313.63
2018-05-10,25.08,24.19,25.16,23.85,38054761.0,930935190.26
2018-05-11,24.16,24.22,25.09,23.92,36759414.0,900205316.36
2018-05-14,24.15,23.07,24.32,22.79,52828827.0,1235025479.44
2018-05-15,23.13,23.38,23.41,22.61,38935691.0,898443173.2
2018-05-16,23.3,23.0,23.66,22.91,30967280.0,720117699.5
2018-05-17,22.95,23.19,23.41,22.83,24889645.0,576543920.53
2018-05-18,23.11,22.76,23.27,22.25,31270535.0,709761886.37
2018-05-21,22.99,23.95,24.07,22.99,48984347.0,1159546127.14
2018-05-22,23.9,24.0,24.18,23.7,28220809.0,675486664.63
2018-05-23,23.99,24.42,25.38,23.79,61379285.0,1512368137.51
2018-05-24,24.53,24.63,24.93,24.23,35540931.0,876131294.55
2018-05-25,24.53,23.35,24.53,23.35,34233729.0,811911420.56
2018-05-28,23.0,23.0,23.75,22.91,22900727.0,533252031.62
2018-05-29,23.19,22.8,23.41,22.1,32645114.0,743650965.77
2018-05-30,22.55,22.17,23.24,22.15,28601580.0,649735239.1
2018-05-31,22.5,22.04,22.6,21.31,33382968.0,731018597.32
2018-06-01,21.9,21.36,21.97,21.18,22824388.0,491684338.1
2018-06-04,21.6,21.43,21.87,20.97,24256364.0,521221156.22
2018-06-05,21.57,22.6,22.65,21.4,31292506.0,693646603.85
2018-06-06,22.8,22.88,23.09,22.26,29800223.0,677945942.5
2018-06-07,23.0,22.76,23.08,22.5,18953801.0,431628736.16
2018-06-08,22.76,23.36,23.75,22.42,39252198.0,913734753.67
2018-06-11,23.3,22.62,23.46,22.49,28215174.0,646187619.34
2018-06-12,22.76,23.6,23.67,22.28,37276820.0,861416221.42
2018-06-13,23.4,23.33,23.93,23.19,31695790.0,746221123.14
2018-06-14,23.32,23.66,23.98,23.23,38394982.0,908262767.55
2018-06-15,23.59,21.82,23.59,21.29,59651785.0,1309174246.16
2018-06-19,21.01,19.75,21.8,19.64,36546403.0,751542293.37
2018-06-20,19.68,20.15,20.46,19.43,26687924.0,533385592.72
2018-06-21,20.07,19.07,20.35,18.8,33308756.0,648531005.87
2018-06-22,18.98,19.62,20.06,18.8,27958746.0,546594807.13
2018-06-25,19.8,19.69,20.29,19.66,26405041.0,527047943.35
2018-06-26,19.45,21.29,21.66,19.27,47145784.0,983163355.13
2018-06-27,21.48,21.96,22.74,21.26,47981546.0,1054959478.83
2018-06-28,21.81,21.77,22.53,21.76,29176893.0,644956847.38
2018-06-29,22.08,23.85,23.92,22.08,51945775.0,1203006218.47
2018-07-02,23.85,24.0,24.37,23.37,46379266.0,1107798794.46
2018-07-03,23.8,24.87,25.88,23.43,55571546.0,1366624637.47
2018-07-04,24.28,24.42,25.17,23.93,40713692.0,997285970.89
2018-07-05,24.25,24.25,25.74,23.68,43283708.0,1070699071.27
2018-07-06,24.39,24.0,25.49,23.75,57357707.0,1413926355.67
2018-07-09,24.1,25.39,25.6,23.8,56165901.0,1403220577.2
2018-07-10,25.01,25.01,25.18,24.65,36275206.0,903818591.64
2018-07-11,24.4,24.5,25.14,23.54,45656455.0,1115293780.51
2018-07-12,24.28,25.59,25.98,24.22,67653943.0,1721730650.34
2018-07-13,25.4,25.46,25.75,25.01,34280865.0,869891542.57
2018-07-16,25.73,25.8,26.54,25.25,52665682.0,1367297649.42
2018-07-17,25.44,25.58,25.68,24.42,43241007.0,1081714202.92
2018-07-18,25.39,24.61,25.6,24.59,30216225.0,754763991.97
2018-07-19,24.55,24.92,25.12,24.42,27541694.0,683467820.51
2018-07-20,24.8,27.41,27.41,24.65,99590134.0,2650164243.57
2018-07-23,27.21,27.55,27.64,26.8,66095811.0,1806191711.01
2018-07-24,27.5,27.65,27.95,26.62,61816279.0,1692453054.57
2018-07-25,27.3,27.41,28.51,27.0,56243984.0,1562131702.7
2018-07-26,27.2,26.0,27.36,25.81,53628982.0,1412509599.0
2018-07-27,25.9,25.63,26.15,25.05,40178784.0,1029505618.26
2018-07-30,25.6,26.0,26.06,25.16,30698882.0,789665068.11
2018-07-31,25.8,25.14,25.96,24.84,33833253.0,854296192.87
2018-08-01,25.38,25.3,26.62,25.3,45862227.0,1187729547.58
2018-08-02,25.6,25.38,25.71,24.02,43067699.0,1074534500.07
2018-08-03,25.38,24.39,25.5,24.38,34381875.0,857213822.26
2018-08-06,24.45,24.8,25.18,24.03,36411376.0,901594831.48
2018-08-07,24.77,26.58,26.88,24.45,63503222.0,1635803871.28
2018-08-08,26.19,26.14,27.15,26.05,47898030.0,1270482688.3
2018-08-09,26.01,28.23,28.69,25.98,77713330.0,2155930296.12
2018-08-10,28.1,28.26,28.35,27.68,56021861.0,1571961484.66
2018-08-13,27.92,28.81,29.44,27.59,75943585.0,2158054081.35
2018-08-14,28.2,27.6,28.34,27.36,55769514.0,1546822289.56
2018-08-15,27.56,27.42,28.04,27.05,45692831.0,1257724374.57
2018-08-16,26.8,26.82,27.78,26.5,43165558.0,1170349662.37
2018-08-17,27.31,25.5,27.47,25.5,46732400.0,1235594922.87
2018-08-20,25.51,26.19,26.48,24.77,42773527.0,1095765767.24
2018-08-21,26.32,26.39,26.7,25.77,39018442.0,1026928149.36
2018-08-22,26.2,25.73,26.7,25.4,27693084.0,720862547.68
2018-08-23,25.95,26.47,27.11,25.81,46398701.0,1233480577.06
2018-08-24,26.23,26.81,27.08,26.14,36670130.0,982494825.51
2018-08-27,26.7,27.64,27.97,26.7,42317487.0,1165117880.57
2018-08-28,27.62,27.69,28.18,27.34,36989802.0,1025159839.98
2018-08-29,28.1,27.03,28.1,26.9,37851003.0,1030665958.63
2018-08-30,27.1,26.2,27.1,25.91,39525941.0,1044002251.5
2018-08-31,26.1,26.13,26.68,25.94,28594578.0,752273372.75
2018-09-03,26.07,27.47,27.49,25.36,51679790.0,1365460258.08
2018-09-04,27.32,27.76,28.45,27.17,60014714.0,1661095174.92
2018-09-05,27.59,27.35,28.05,27.3,38345786.0,1060118785.09
2018-09-06,27.3,27.65,28.03,27.22,41346241.0,1143497640.36
2018-09-07,27.43,26.02,28.58,25.7,80476408.0,2181436379.35
2018-09-10,25.69,25.71,26.1,25.0,49568159.0,1265499611.14
2018-09-11,25.68,26.36,26.47,25.51,35655091.0,930527453.97
2018-09-12,26.23,25.89,26.56,25.57,28336111.0,738622412.19
2018-09-13,26.25,25.96,26.5,25.0,47646061.0,1228706368.41
2018-09-14,25.9,23.6,25.9,23.47,66178992.0,1624885116.44
2018-09-17,23.01,23.18,23.55,22.82,36591324.0,848992817.65
2018-09-18,23.16,23.83,23.86,23.11,33000565.0,776054987.62
2018-09-19,23.7,24.13,24.65,23.5,37258662.0,897735274.34
2018-09-20,24.09,24.05,24.5,23.7,24695330.0,594088587.07
2018-09-21,24.09,24.21,24.25,23.31,35345659.0,843047768.34
2018-09-25,24.02,24.42,24.75,23.91,33571743.0,820939264.69
2018-09-26,24.25,24.45,24.71,23.98,25980368.0,632565558.96
2018-09-27,24.49,24.35,24.95,24.28,27381653.0,674023130.97
2018-09-28,24.65,24.08,24.65,23.35,26076523.0,624000772.44
2018-10-08,23.2,22.4,23.2,22.07,30230546.0,689264130.91
2018-10-09,22.5,22.27,22.83,21.68,27043703.0,599069523.43
2018-10-10,22.3,22.49,22.8,21.75,24936665.0,557154998.52
2018-10-11,21.4,20.24,21.65,20.24,41158045.0,859471455.7
2018-10-12,19.95,20.48,20.84,19.46,34776147.0,701590414.44
2018-10-15,20.48,18.43,20.48,18.43,79038595.0,1522817847.03
2018-10-16,18.06,17.69,18.39,17.32,60579920.0,1084114966.61
2018-10-17,18.15,18.38,18.55,17.6,61333085.0,1116774504.58
2018-10-18,18.11,18.17,18.57,17.77,42409419.0,772167427.38
2018-10-19,17.62,19.08,19.29,17.62,53776081.0,1007212200.66
2018-10-22,19.5,20.08,20.58,19.14,71395293.0,1423171956.88
2018-10-23,20.0,19.28,20.14,19.1,44491361.0,869884998.8
2018-10-24,19.21,18.94,19.49,18.58,34776453.0,660257226.89
2018-10-25,18.0,17.64,18.16,17.05,73288161.0,1283957164.47
2018-10-26,17.95,17.65,18.19,17.26,41977862.0,745758391.41
2018-10-29,17.6,17.36,17.9,16.88,33969821.0,592719963.24
2018-10-30,17.6,17.98,18.16,16.91,50491319.0,891944723.55
2018-10-31,18.05,18.12,18.44,17.72,46731538.0,843269018.43
2018-11-01,18.81,18.82,19.42,18.63,75515321.0,1429124444.1
2018-11-02,19.5,19.51,19.69,18.91,68417287.0,1321633695.86
2018-11-05,19.25,19.31,19.65,18.76,48486113.0,932855875.52
2018-11-06,19.09,19.0,19.18,18.64,31724487.0,598288010.21
2018-11-07,18.96,19.4,19.95,18.95,64489117.0,1260016202.05
2018-11-08,19.69,18.86,19.74,18.75,44277607.0,848376668.59
2018-11-09,18.66,18.97,19.31,18.56,32169777.0,611676331.45
2018-11-12,18.8,19.7,19.7,18.68,48649225.0,941101101.19
2018-11-13,19.38,19.58,19.74,19.17,48531537.0,945412988.98
2018-11-14,19.5,19.82,19.97,19.17,53677917.0,1049139126.79
2018-11-15,19.68,20.2,20.28,19.45,57813957.0,1150473093.57
2018-11-16,20.3,20.32,20.94,20.1,58069539.0,1186449126.33
2018-11-19,20.15,20.09,20.35,19.89,34339677.0,688333629.52
2018-11-20,19.82,19.3,20.04,19.2,37665669.0,741012469.61
2018-11-21,18.86,18.66,19.03,18.22,51854485.0,965526187.36
2018-11-22,18.71,18.56,18.83,18.38,28054982.0,521402294.79
2018-11-23,18.55,17.77,18.64,17.7,39141409.0,704881545.45
2018-11-26,17.65,17.51,17.92,17.28,30735914.0,539777421.79
2018-11-27,17.65,17.86,18.05,17.61,31591177.0,563245693.73
2018-11-28,17.84,18.24,18.25,17.46,36292286.0,650606526.75
2018-11-29,18.35,17.56,18.4,17.54,38536510.0,690516097.95
2018-11-30,17.44,17.56,17.72,17.13,29556889.0,514592260.49
2018-12-03,18.2,18.5,18.66,18.03,56309606.0,1032329989.14
2018-12-04,18.38,18.32,18.49,18.16,32228186.0,590208702.56
2018-12-05,17.9,18.1,18.2,17.7,28945263.0,519097055.35
2018-12-06,17.77,17.77,18.12,17.57,30583675.0,544040155.76
2018-12-07,17.98,17.7,17.98,17.66,18314096.0,326039778.43
2018-12-10,17.45,17.36,17.58,17.26,20393678.0,355221025.26
2018-12-11,17.45,17.49,17.53,17.31,15572490.0,271143365.8
2018-12-12,17.54,17.4,17.6,17.37,14353995.0,250574137.79
2018-12-13,17.48,18.09,18.15,17.27,50741335.0,905804634.91
2018-12-14,17.99,17.43,18.0,17.38,35681539.0,631727316.09
2018-12-17,17.3,17.52,17.56,17.15,22124552.0,383780529.29
2018-12-18,17.36,17.29,17.61,17.21,21938552.0,381296194.2
2018-12-19,17.49,17.33,17.49,17.26,15978762.0,277152401.67
2018-12-20,17.24,17.48,17.53,17.19,24450243.0,424635310.65
2018-12-21,17.34,17.61,17.7,17.34,30725318.0,539097716.04
2018-12-24,17.59,17.92,17.95,17.51,30656438.0,545206152.2
2018-12-25,17.69,17.77,17.9,17.11,38015863.0,664473770.84
2018-12-26,17.6,17.68,18.05,17.42,37999982.0,676509604.72
2018-12-27,17.98,17.05,18.06,17.0,45424362.0,800187033.42
2018-12-28,17.07,15.92,17.08,15.61,59520374.0,959200792.22
